	CRIM	ZN	INDUS	CHAS	NOX	RM	AGE	DIS	RAD	TAX	PTRATIO	B	PRICE	categorical_label
0.0	-1.3358482241493825	0.2774895100692493	-1.2870607755252244	0	0.3345007075091127	0.4723438818154757	-0.11569241468542069	-0.2975109014079472	-0.9831032869184233	-0.6674454041485146	-1.4767317483096698	0.43910847116060225	24.0	0
1.0	-1.3358482241493825	-0.49046849186367764	-0.5937313698699885	0	0.02561225551666089	0.39563242709868324	0.3696565790013235	-0.2968233577205847	-0.8688581681079218	-0.9862320085441023	-0.3128422371522357	0.43910847116060225	21.6	0
2.0	-1.3358482241493825	-0.49046849186367764	-0.5937313698699885	0	0.02561225551666089	0.7762009427066666	-0.26094284345298646	-0.2968233577205847	-0.8688581681079218	-0.9862320085441023	-0.3128422371522357	0.3946612602444782	34.7	0
3.0	-1.3358482241493825	-0.49046849186367764	-1.305996242486397	0	-0.02363083103286041	0.68305131912199	-0.8029749312929271	-0.29596492756207293	-0.7546130492974205	-1.104301121283209	0.10615798686443992	0.4143185034014865	33.4	0
4.0	-1.3358482241493825	-0.49046849186367764	-1.305996242486397	0	-0.02363083103286041	0.7572721421921335	-0.5053886869886458	-0.29596492756207293	-0.7546130492974205	-1.104301121283209	0.10615798686443992	0.43910847116060225	36.2	0
5.0	-1.3358482241493825	-0.49046849186367764	-1.305996242486397	0	-0.02363083103286041	-2.799633781230508	-0.345967484682781	-0.29596492756207293	-0.7546130492974205	-1.104301121283209	0.10615798686443992	0.40874895117366766	28.7	0
6.0	-0.44587724437562837	0.04283567614529938	-0.47720541933969673	0	0.2718276882642674	0.19189875840278636	-0.06609470730137414	-0.29635820161058485	-0.5261228116764175	-0.5788935695941847	-1.5232873287559676	0.42491157332498575	22.9	1
7.0	-0.44587724437562837	0.04283567614529938	-0.47720541933969673	0	0.2718276882642674	0.27159897109555775	0.9789998411481843	-0.29605248728146455	-0.5261228116764175	-0.5788935695941847	-1.5232873287559676	0.43910847116060225	27.1	1
8.0	-0.44587724437562837	0.04283567614529938	-0.47720541933969673	0	0.2718276882642674	0.002112626928124459	1.1171648831466006	-0.29594932829245885	-0.5261228116764175	-0.5788935695941847	-1.5232873287559676	0.3269529782592278	16.5	1
9.0	-0.44587724437562837	0.04283567614529938	-0.47720541933969673	0	0.2718276882642674	0.1879137477681478	0.6176451159215577	-0.295549548015917	-0.5261228116764175	-0.5788935695941847	-1.5232873287559676	0.3278266335106502	18.9	1
10.0	-0.44587724437562837	0.04283567614529938	-0.47720541933969673	0	0.2718276882642674	0.37371486860817105	0.9152313602258384	-0.29574191287839424	-0.5261228116764175	-0.5788935695941847	-1.5232873287559676	0.39127584614521566	15.0	1
11.0	-0.44587724437562837	0.04283567614529938	-0.47720541933969673	0	0.2718276882642674	0.19040437941479688	0.5113643143843145	-0.29583597882581586	-0.5261228116764175	-0.5788935695941847	-1.5232873287559676	0.43910847116060225	18.9	1
12.0	-0.44587724437562837	0.04283567614529938	-0.47720541933969673	0	0.2718276882642674	0.13062921989521833	-1.0438780814440116	-0.2964441151758966	-0.5261228116764175	-0.5788935695941847	-1.5232873287559676	0.3692160510467955	21.7	1
13.0	0.4440937353981259	-0.49046849186367764	-0.4378779110357232	0	0.3345007075091127	0.1605167996550076	-0.2361439897609632	-0.29702685372017346	-0.640367930486919	-0.602507392142006	1.1769363371292796	0.43910847116060225	20.4	2
14.0	1.3340647151718805	1.8453931112188466e-17	8.803888620080567e-17	0	7.823782096593743e-17	-1.1735673144890614e-16	0.5680474085375107	-0.2972193753592297	-0.640367930486919	-0.602507392142006	1.1769363371292796	0.2547672131104364	18.2	3
15.0	0.4440937353981259	-0.49046849186367764	-0.4378779110357232	0	0.3345007075091127	0.10323227178207818	-0.42390673914342614	-0.2971906068569766	-0.640367930486919	-0.602507392142006	1.1769363371292796	0.42512998713784117	19.9	2
16.0	0.4440937353981259	-0.49046849186367764	-0.4378779110357232	0	0.3345007075091127	0.15354303104439013	-1.3875193397477648	-0.2971906068569766	-0.640367930486919	-0.602507392142006	1.1769363371292796	0.32935553020064023	23.1	2
17.0	0.4440937353981259	-0.49046849186367764	-0.4378779110357232	0	0.3345007075091127	-2.799852956815413	0.46885199376941705	-0.29737928746984643	-0.640367930486919	-0.602507392142006	1.1769363371292796	0.32826346113636173	17.5	2
18.0	0.4440937353981259	-0.49046849186367764	-0.4378779110357232	0	0.3345007075091127	-0.08505948070459424	-1.1289027226738062	-0.2977409710376826	-0.640367930486919	-0.602507392142006	1.1769363371292796	-0.7393432561020398	20.2	2
19.0	0.4440937353981259	-0.49046849186367764	-0.4378779110357232	0	0.3345007075091127	0.049932754543787296	0.03664340085129451	-0.2977409710376826	-0.640367930486919	-0.602507392142006	1.1769363371292796	0.3741303618360475	18.2	2
20.0	0.4440937353981259	-0.49046849186367764	-0.4378779110357232	0	0.3345007075091127	-2.8000621698737316	1.0498537088396798	-0.2977398736016293	-0.640367930486919	-0.602507392142006	1.1769363371292796	0.21709083039283744	13.6	2
21.0	0.4440937353981259	-0.49046849186367764	-0.4378779110357232	0	0.3345007075091127	0.16848682092428474	0.7345539976125252	-0.2975718091089027	-0.640367930486919	-0.602507392142006	1.1769363371292796	0.3913850530516434	19.6	2
22.0	0.4440937353981259	-0.49046849186367764	-0.4378779110357232	0	0.3345007075091127	0.2566551812156631	0.8231213322268944	-0.29759955856339204	-0.640367930486919	-0.602507392142006	1.1769363371292796	0.43910847116060225	15.2	2
23.0	0.4440937353981259	-0.49046849186367764	-0.4378779110357232	0	0.3345007075091127	0.09277161886615193	1.1171648831466006	-0.29750682521689226	-0.640367930486919	-0.602507392142006	1.1769363371292796	0.4133356412436364	14.5	2
24.0	0.4440937353981259	-0.49046849186367764	-0.4378779110357232	0	0.3345007075091127	0.14806364142176207	0.9081459734566887	-0.2972682112635994	-0.640367930486919	-0.602507392142006	1.1769363371292796	0.4110422962086517	15.6	2
25.0	0.4440937353981259	-0.49046849186367764	-0.4378779110357232	0	0.3345007075091127	-0.01382741561042982	0.610559729152408	-0.2972250977043645	-0.640367930486919	-0.602507392142006	1.1769363371292796	-0.5817576901266905	13.9	2
26.0	0.4440937353981259	-0.49046849186367764	-0.4378779110357232	0	0.3345007075091127	0.09277161886615193	0.7735236248428474	3.3694227327841375	-0.640367930486919	-0.602507392142006	1.1769363371292796	0.2204762444921	16.6	2
27.0	0.4440937353981259	-0.49046849186367764	-0.4378779110357232	0	0.3345007075091127	0.2093331799293301	0.7203832240742258	-0.29722603836383876	-0.640367930486919	-0.602507392142006	1.1769363371292796	-0.5494324458240549	14.8	2
28.0	0.4440937353981259	-0.49046849186367764	-0.4378779110357232	0	0.3345007075091127	0.43249377546909	0.9187740536104134	-0.297225019316075	-0.640367930486919	-0.602507392142006	1.1769363371292796	0.3412590830012727	18.4	2
29.0	0.4440937353981259	-0.49046849186367764	-0.4378779110357232	0	0.3345007075091127	0.521658388419128	0.6672428233056042	3.0221626102193397	-0.640367930486919	-0.602507392142006	1.1769363371292796	0.2570605581454211	21.0	2
30.0	0.4440937353981259	-0.49046849186367764	-0.4378779110357232	0	0.3345007075091127	0.042958985933169797	0.9081459734566887	3.017459312848259	-0.640367930486919	-0.602507392142006	1.1769363371292796	0.03799150385120732	12.7	2
31.0	0.4440937353981259	-0.49046849186367764	-0.4378779110357232	0	0.3345007075091127	0.22178633816257562	1.1171648831466006	2.971994104927812	-0.640367930486919	-0.602507392142006	1.1769363371292796	0.2188381408956829	14.5	2
32.0	0.4440937353981259	-0.49046849186367764	-0.4378779110357232	0	0.3345007075091127	-2.7998728818685863	0.4794800739231413	-0.29758928969746523	-0.640367930486919	-0.602507392142006	1.1769363371292796	-1.3551610014485362	13.2	2
33.0	0.4440937353981259	-0.49046849186367764	-0.4378779110357232	0	0.3345007075091127	0.03698146998121194	0.940030213917862	-0.29774826114860775	-0.640367930486919	-0.602507392142006	1.1769363371292796	0.022702536951311674	13.1	2
35.0	-1.3358482241493825	-0.49046849186367764	-0.7554111262307683	0	0.1599115824699008	0.15254677838573047	-0.009411613148177459	-0.29808290075656013	-0.5261228116764175	-0.7678041499767553	0.3389358890959267	0.43910847116060225	18.9	0
36.0	-0.44587724437562837	-0.49046849186367764	-0.7554111262307683	0	0.1599115824699008	0.10671915608738693	-0.2503147632992623	-0.298069104417605	-0.5261228116764175	-0.7678041499767553	0.3389358890959267	0.22790231412919207	20.0	1
37.0	-1.3358482241493825	-0.49046849186367764	-0.7554111262307683	0	0.1599115824699008	-2.799922694501519	-0.9553107468296422	-0.2976330303630163	-0.5261228116764175	-0.7678041499767553	0.3389358890959267	0.43910847116060225	21.0	0
38.0	-0.44587724437562837	-0.49046849186367764	-0.7554111262307683	0	0.1599115824699008	0.16898494725361457	-1.3556350992865918	-0.29770114978660744	-0.5261228116764175	-0.7678041499767553	0.3389358890959267	0.4012136746301479	24.7	1
39.0	-1.3358482241493825	2.7093565161901845	-1.193840015100991	0	-0.15793015798610033	0.4823064084020721	-1.6532213435908727	-0.29648315254407653	-0.7546130492974205	-0.9271974521745491	-0.08006433492074887	0.42523919404426885	30.8	0
40.0	-1.3358482241493825	2.7093565161901845	-1.193840015100991	0	-0.15793015798610033	0.6960026036845653	-1.8657829466653595	-0.29648315254407653	-0.7546130492974205	-0.9271974521745491	-0.08006433492074887	0.42512998713784117	34.9	0
41.0	-0.44587724437562837	-0.49046849186367764	-0.6170365599760468	0	-0.06839727335060704	-2.7994644182785353	-2.322790393275505	-0.29623246679419796	-0.7546130492974205	-1.0393631092767004	-0.2662866567059393	0.31362973567503366	26.6	1
42.0	-0.44587724437562837	-0.49046849186367764	-0.6170365599760468	0	-0.06839727335060704	0.2701045921075683	-2.1917107380462384	-0.29623246679419796	-0.7546130492974205	-1.0393631092767004	-0.2662866567059393	0.2913515267637575	25.3	1
43.0	-0.44587724437562837	-0.49046849186367764	-0.6170365599760468	0	-0.06839727335060704	0.29102589793942074	-2.1952534314308134	-0.29623246679419796	-0.7546130492974205	-1.0393631092767004	-0.2662866567059393	0.4124619859922134	24.7	1
44.0	-0.44587724437562837	-0.49046849186367764	-0.6170365599760468	0	-0.06839727335060704	0.22029195917458616	-1.008451147598264	-0.29623246679419796	-0.7546130492974205	-1.0393631092767004	-0.2662866567059393	0.357094084433307	21.2	1
45.0	-0.44587724437562837	-0.49046849186367764	-0.6170365599760468	0	-0.06839727335060704	0.027517069723945343	-1.2280981374419	-0.29671886613065723	-0.7546130492974205	-1.0393631092767004	-0.2662866567059393	0.43910847116060225	19.3	1
46.0	-0.44587724437562837	-0.49046849186367764	-0.6170365599760468	0	-0.06839727335060704	0.07932220797424676	-1.245811604364774	-0.29671886613065723	-0.7546130492974205	-1.0393631092767004	-0.2662866567059393	0.43910847116060225	20.0	1
47.0	-0.44587724437562837	-0.49046849186367764	-0.6170365599760468	0	-0.06839727335060704	-2.79983303176224	0.6034743423832585	-0.29625715910539613	-0.7546130492974205	-1.0393631092767004	-0.2662866567059393	0.3936783980866281	16.6	1
48.0	0.4440937353981259	-0.49046849186367764	-0.6170365599760468	0	-0.06839727335060704	-0.11345268147639405	0.9506582940715862	-0.2961155898545266	-0.7546130492974205	-1.0393631092767004	-0.2662866567059393	0.43910847116060225	14.4	2
49.0	-0.44587724437562837	-0.49046849186367764	-0.6170365599760468	0	-0.06839727335060704	-0.012333036622440357	-0.22905860299181355	-0.2959449385482459	-0.7546130492974205	-1.0393631092767004	-0.2662866567059393	0.43910847116060225	19.4	1
50.0	-0.44587724437562837	0.40548251039140376	-0.802021506442885	0	-0.10868707143657902	0.1674905682656251	-0.8065176246775017	-0.29537505568344985	-0.640367930486919	-0.9803285529071469	-0.7783980416152093	0.42447474569927424	19.7	1
51.0	-1.3358482241493825	0.40548251039140376	-0.802021506442885	0	-0.10868707143657902	0.24320577032375792	-0.1936316691460658	-0.29537505568344985	-0.640367930486919	-0.9803285529071469	-0.7783980416152093	0.4071108475772505	20.5	0
52.0	-1.3358482241493825	0.40548251039140376	-0.802021506442885	0	-0.10868707143657902	0.44046379673836716	-1.678020197282896	-0.29537505568344985	-0.640367930486919	-0.9803285529071469	-0.7783980416152093	0.43910847116060225	25.0	0
53.0	-1.3358482241493825	0.40548251039140376	-0.802021506442885	0	-0.10868707143657902	0.18492498979216887	-1.667392117129172	-0.29537505568344985	-0.640367930486919	-0.9803285529071469	-0.7783980416152093	0.43910847116060225	23.4	0
54.0	-1.3358482241493825	2.7093565161901845	-1.040899705029983	0	-2.0720984650506287	0.1301310935658885	-0.7392064503705811	-0.2949791948213839	-0.7546130492974205	0.35385242104475717	1.2234919175755776	0.43910847116060225	18.9	0
55.0	-1.3358482241493825	3.349321517800957	-1.4458273831227466	0	-0.26984626378046694	0.8080810277837752	-1.6496786502062981	-0.2938998664630104	-0.5261228116764175	-1.0806872987353877	-0.2662866567059393	0.4285154012371037	35.4	0
56.0	-1.3358482241493825	3.1359998505973663	-1.5157429534409217	0	-2.0720984650506287	0.37670362658415	-1.160786963134979	-0.29351497996147696	-0.8688581681079218	-0.567086658320274	-0.5456201393837226	0.43910847116060225	24.7	0
57.0	-1.3358482241493825	3.775964852208139	-1.43126163930646	0	-0.2340331099262696	0.5923923271839625	-0.99073768067539	-0.2941913141234384	-0.5261228116764175	-0.9035836296267278	-1.569842909202265	0.3954257085894729	31.6	0
58.0	-0.44587724437562837	0.5761398441542764	-0.876306799905946	0	-0.04601405219173373	0.25814956020365254	-1.3910620331323396	-0.29459109439998027	-0.18338745524491318	-0.7382868717919786	0.5717137913274135	0.3711817753624964	23.3	1
59.0	-0.44587724437562837	0.5761398441542764	-0.876306799905946	0	-0.04601405219173373	0.14955802040975155	-0.7533772239088801	5.133159246939432	-0.18338745524491318	-0.7382868717919786	0.5717137913274135	0.43910847116060225	19.6	1
60.0	-0.44587724437562837	0.5761398441542764	-0.876306799905946	0	-0.04601405219173373	0.05690652315440479	-0.08026548083967294	-0.2950531149783995	-0.18338745524491318	-0.7382868717919786	0.5717137913274135	0.41956043491002226	18.7	1
61.0	-0.44587724437562837	0.5761398441542764	-0.876306799905946	0	-0.04601405219173373	0.16898494725361457	0.8833471197646657	-0.2953720769284482	-0.18338745524491318	-0.7382868717919786	0.5717137913274135	0.2335810732634387	16.0	1
62.0	-0.44587724437562837	0.5761398441542764	-0.876306799905946	0	-0.04601405219173373	0.41306684862522697	-0.023582386686476754	-0.2950530365901099	-0.18338745524491318	-0.7382868717919786	0.5717137913274135	0.43910847116060225	22.2	1
64.0	-1.3358482241493825	0.2561573433488902	-1.4225221930166887	0	-2.0720711575208153	0.7358527100309511	-0.3176259376061829	-0.29348730889527713	-0.7546130492974205	-1.139721855104941	0.05960240641814354	0.39913874340801925	33.0	0
65.0	-1.3358482241493825	2.9226781833937756	-1.132663891072588	0	-0.29222948493934026	-2.799703518916614	-1.794929078973864	-0.29553434068775053	-0.640367930486919	-0.42540372303334617	-1.1042871047392906	0.43910847116060225	23.5	0
66.0	-1.3358482241493825	2.9226781833937756	-1.132663891072588	0	-0.29222948493934026	0.07982033430357657	-1.3237508588254188	-0.29553434068775053	-0.640367930486919	-0.42540372303334617	-1.1042871047392906	0.43910847116060225	19.4	0
67.0	-1.3358482241493825	0.04283567614529938	-0.7393888080328532	0	-0.24298639838981892	0.1251498302725903	-1.667392117129172	4.792954070431255	-0.640367930486919	-0.3781760779377035	0.1992691477570343	0.4315731946170825	22.0	0
68.0	-0.44587724437562837	0.04283567614529938	-0.7393888080328532	0	-0.24298639838981892	-0.016318047257078926	-1.1218173359046568	4.792954070431255	-0.640367930486919	-0.3781760779377035	0.1992691477570343	0.43910847116060225	17.4	1
69.0	-0.44587724437562837	0.04283567614529938	-0.7393888080328532	0	-0.24298639838981892	0.12863671457789905	-1.2564396845184982	4.792954070431255	-0.640367930486919	-0.3781760779377035	0.1992691477570343	0.43910847116060225	20.9	1
70.0	-0.44587724437562837	-0.49046849186367764	-0.04897255114087457	0	-0.22507982146272026	0.3936399217813639	-2.1917107380462384	-0.29657235841754803	-0.640367930486919	-0.6143143034159168	0.3389358890959267	0.29528297539515924	24.2	1
71.0	-0.44587724437562837	-0.49046849186367764	-0.04897255114087457	0	-0.22507982146272026	0.16649431560696548	-1.805557159127588	-0.29657235841754803	-0.640367930486919	-0.6143143034159168	0.3389358890959267	0.22113148593066695	21.7	1
72.0	-0.44587724437562837	-0.49046849186367764	-0.04897255114087457	0	-0.22507982146272026	0.21829945385726687	-2.149198417431341	-0.29657235841754803	-0.640367930486919	-0.6143143034159168	0.3389358890959267	0.3736935342103366	22.8	1
73.0	-0.44587724437562837	-0.49046849186367764	-0.04897255114087457	0	-0.22507982146272026	0.3079621931366347	-2.2058815115845376	-0.29657235841754803	-0.640367930486919	-0.6143143034159168	0.3389358890959267	0.2236432447785071	23.4	1
74.0	-1.3358482241493825	-0.49046849186367764	0.24525547394811198	0	-0.11764035990012835	0.3219097303578697	-2.212966898353687	-0.2973843043203756	-0.5261228116764175	-0.06529292917907113	0.10615798686443992	0.4174855036878936	24.1	0
75.0	-0.44587724437562837	-0.49046849186367764	0.24525547394811198	0	-0.11764035990012835	0.32838537263915735	-0.8313164783695252	-0.2971874713253959	-0.5261228116764175	-0.06529292917907113	0.10615798686443992	0.28982263007376813	21.4	1
76.0	-0.44587724437562837	-0.49046849186367764	0.24525547394811198	0	-0.11764035990012835	0.3248984883338486	0.21377807008003324	-0.297540532181385	-0.5261228116764175	-0.06529292917907113	0.10615798686443992	0.1853116206223412	20.0	1
77.0	-0.44587724437562837	-0.49046849186367764	0.24525547394811198	0	-0.11764035990012835	-2.7997782378660134	-0.8029749312929271	-0.2975105094664996	-0.5261228116764175	-0.06529292917907113	0.10615798686443992	0.3305568061713458	20.8	1
78.0	-1.3358482241493825	-0.49046849186367764	0.24525547394811198	0	-0.11764035990012835	0.30148655085534704	-0.5231021539115197	-0.29678651522451127	-0.5261228116764175	-0.06529292917907113	0.10615798686443992	0.32444121941138765	21.2	0
79.0	-0.44587724437562837	-0.49046849186367764	0.24525547394811198	0	-0.11764035990012835	0.12315732495527101	-1.1289027226738062	-0.2971874713253959	-0.5261228116764175	-0.06529292917907113	0.10615798686443992	0.42993509102066535	20.3	1
80.0	-1.3358482241493825	0.5761398441542764	-0.9156343082099193	0	-0.16688344644964964	0.5480590838736085	-1.2387262175956242	-0.29648346609723464	-0.640367930486919	-0.7559972387028446	0.24582472820333234	0.43910847116060225	28.0	0
81.0	-1.3358482241493825	0.5761398441542764	-0.9156343082099193	0	-0.16688344644964964	0.4942614403059878	0.06852764131246768	-0.29648346609723464	-0.640367930486919	-0.7559972387028446	0.24582472820333234	0.42523919404426885	23.9	0
82.0	-1.3358482241493825	0.5761398441542764	-0.9156343082099193	0	-0.16688344644964964	0.3363553939084345	-1.2847812315950962	-0.29648346609723464	-0.640367930486919	-0.7559972387028446	0.24582472820333234	0.43910847116060225	24.8	0
83.0	-1.3358482241493825	0.5761398441542764	-0.9156343082099193	0	-0.16688344644964964	0.26910833944890866	-0.771090690831754	-0.29648346609723464	-0.640367930486919	-0.7559972387028446	0.24582472820333234	0.3707449477367849	22.9	0
84.0	-1.3358482241493825	-0.49046849186367764	-0.9695275603301794	0	-0.06392062911883238	0.37969238456012894	-0.725035676832282	-0.29697049254001007	-0.7546130492974205	-0.9567147303593257	0.013046825971845515	0.43910847116060225	23.9	0
85.0	-1.3358482241493825	-0.49046849186367764	-0.9695275603301794	0	-0.06392062911883238	-2.799534155964642	-0.4380775126817252	-0.2972383453252931	-0.7546130492974205	-0.9567147303593257	0.013046825971845515	0.38887329420380384	26.6	0
86.0	-1.3358482241493825	-0.49046849186367764	-0.9695275603301794	0	-0.06392062911883238	0.19339313739077582	-0.8277737849849504	-0.29724657609569244	-0.7546130492974205	-0.9567147303593257	0.013046825971845515	0.4291706426756707	22.5	0
87.0	-1.3358482241493825	-0.49046849186367764	-0.9695275603301794	0	-0.06392062911883238	0.24619452829973687	-0.4132786589897019	-0.2977793029112569	-0.7546130492974205	-0.9567147303593257	0.013046825971845515	0.41999726253573316	22.2	0
88.0	-1.3358482241493825	-0.49046849186367764	-1.126837593546073	0	0.11514514015215419	0.6875344560859585	0.6318158894598566	-0.2980347703467961	-0.8688581681079218	-0.8209352507093531	-0.3128422371522357	0.43910847116060225	23.6	0
89.0	-1.3358482241493825	-0.49046849186367764	-1.126837593546073	0	0.11514514015215419	0.7233995517977057	-0.190088975761491	-0.2980404143036414	-0.8688581681079218	-0.8209352507093531	-0.3128422371522357	0.42993509102066535	28.7	0
90.0	-1.3358482241493825	-0.49046849186367764	-1.126837593546073	0	0.11514514015215419	0.3936399217813639	-0.08380817422424801	-0.2982929813724684	-0.8688581681079218	-0.8209352507093531	-0.3128422371522357	0.3875628113266699	22.6	0
91.0	-1.3358482241493825	-0.49046849186367764	-1.126837593546073	0	0.11514514015215419	0.3876624058294061	0.1925219097725848	-0.29829313814904745	-0.8688581681079218	-0.8209352507093531	-0.3128422371522357	0.4025241575072818	22.0	0
92.0	-1.3358482241493825	0.7041328444764309	0.5671584122880428	0	0.003229034357787573	0.4060930800146095	-0.5266448472960945	-0.2978433461437931	-0.640367930486919	-0.8209352507093531	-0.1266199153670469	0.4184683658457438	22.9	0
93.0	-1.3358482241493825	0.7041328444764309	0.5671584122880428	0	0.003229034357787573	0.29102589793942074	-1.401690113286064	-0.2978433461437931	-0.640367930486919	-0.8209352507093531	-0.1266199153670469	0.4328836774942164	25.0	0
94.0	-1.3358482241493825	0.7041328444764309	0.5671584122880428	0	0.003229034357787573	0.30995469845395396	0.3129734848481268	2.533019683626938	-0.640367930486919	-0.8209352507093531	-0.1266199153670469	0.43910847116060225	20.6	0
95.0	-0.44587724437562837	-0.49046849186367764	-1.2025794613907628	0	-0.08182720604593102	0.49725019828196676	-0.3778517251439542	-0.29797715495400035	-0.8688581681079218	-0.7855145168876212	-0.2197310762596413	0.014075191343514018	28.4	1
96.0	-0.44587724437562837	-0.49046849186367764	-1.2025794613907628	0	-0.08182720604593102	0.26711583413158935	0.04018609423586908	-0.29797715495400035	-0.8688581681079218	-0.7855145168876212	-0.2197310762596413	0.3837405696016959	21.4	1
97.0	-0.44587724437562837	-0.49046849186367764	-1.2025794613907628	0	-0.08182720604593102	1.2165446178342285	0.26691847084865483	-0.29797715495400035	-0.8688581681079218	-0.7855145168876212	-0.2197310762596413	0.43910847116060225	38.7	1
98.0	-1.3358482241493825	-0.49046849186367764	-1.2025794613907628	0	-0.08182720604593102	-2.7989413856327396	-1.118274642520082	-0.29797715495400035	-0.8688581681079218	-0.7855145168876212	-0.2197310762596413	0.40230574369442573	43.8	0
99.0	-1.3358482241493825	-0.49046849186367764	-1.2025794613907628	0	-0.08182720604593102	0.8912681247818554	-0.2113451360689397	-0.29797715495400035	-0.8688581681079218	-0.7855145168876212	-0.2197310762596413	0.43910847116060225	33.2	0
100.0	-0.44587724437562837	-0.49046849186367764	-0.37670178700732004	0	-2.071606034185134	0.5480590838736085	0.4050835128470712	-0.2985395125430026	-0.5261228116764175	-0.14794130809644573	1.1303807566829815	0.4157381931850482	27.5	1
101.0	-0.44587724437562837	-0.49046849186367764	-0.37670178700732004	0	-2.071606034185134	0.5749579056574188	0.10041188177364035	-0.29847813451231	-0.5261228116764175	-0.14794130809644573	1.1303807566829815	0.42469315951212966	26.5	1
102.0	-0.44587724437562837	-0.49046849186367764	-0.37670178700732004	0	-2.071606034185134	0.3876624058294061	0.5999316489986838	-0.29858897555368846	-0.5261228116764175	-0.14794130809644573	1.1303807566829815	-3.1221287474507187	18.6	1
103.0	-0.44587724437562837	-0.49046849186367764	-0.37670178700732004	0	-2.071606034185134	0.254164549569014	0.6707855166901794	-0.29858897555368846	-0.5261228116764175	-0.14794130809644573	1.1303807566829815	0.4125711928986417	19.3	1
104.0	-0.44587724437562837	-0.49046849186367764	-0.37670178700732004	0	-2.071606034185134	0.26910833944890866	0.7628955446891232	1.5970635067818624	-0.5261228116764175	-0.14794130809644573	1.1303807566829815	0.39313236355448883	20.1	1
105.0	-0.44587724437562837	-0.49046849186367764	-0.37670178700732004	0	-2.071606034185134	0.11170041938068513	1.0002560014556332	-0.2990654195773789	-0.5261228116764175	-0.14794130809644573	1.1303807566829815	0.40798450282867293	19.5	1
106.0	-0.44587724437562837	-0.49046849186367764	-0.37670178700732004	0	-2.071606034185134	0.10422852444073781	0.8302067189960441	1.432448098794035	-0.5261228116764175	-0.14794130809644573	1.1303807566829815	0.42567602166998036	19.5	1
107.0	-0.44587724437562837	-0.49046849186367764	-0.37670178700732004	0	-2.071606034185134	0.2491832862757158	0.5928462622295341	-0.2990532693925036	-0.5261228116764175	-0.14794130809644573	1.1303807566829815	0.33852891034057714	20.4	1
108.0	-0.44587724437562837	-0.49046849186367764	-0.37670178700732004	0	-2.071606034185134	0.4220331225531638	1.014426774993932	-0.29880987375355017	-0.5261228116764175	-0.14794130809644573	1.1303807566829815	0.42098012469358387	19.8	1
109.0	0.4440937353981259	-0.49046849186367764	-0.37670178700732004	0	-2.071606034185134	0.29999217186735755	0.8054078653040206	-0.298721922092711	-0.5261228116764175	-0.14794130809644573	1.1303807566829815	0.37718815521602683	19.4	2
110.0	-0.44587724437562837	-0.49046849186367764	-0.37670178700732004	0	-2.071606034185134	0.2830558766701436	-0.4983033002194965	-0.2985395125430026	-0.5261228116764175	-0.14794130809644573	1.1303807566829815	0.40186891606871483	21.7	1
111.0	-0.44587724437562837	-0.49046849186367764	-0.1654985016711664	0	0.37479050559508464	0.5420815679216506	0.465309300384842	-0.2986181359973891	-0.4118776928659161	0.13542456247741003	-0.3128422371522357	-4.267517507232951e-17	22.8	1
112.0	-0.44587724437562837	-0.49046849186367764	-0.1654985016711664	0	0.37479050559508464	0.14258425179913406	0.865633652841792	-0.298872192443717	-0.4118776928659161	0.13542456247741003	-0.3128422371522357	0.41781312440717683	18.8	1
113.0	-0.44587724437562837	-0.49046849186367764	-0.1654985016711664	0	0.37479050559508464	0.23174886474917203	0.9542009874561612	1.6966166344697389	-0.4118776928659161	0.13542456247741003	-0.3128422371522357	0.43910847116060225	18.7	1
114.0	-0.44587724437562837	-0.49046849186367764	-0.1654985016711664	0	0.37479050559508464	0.3124453301006031	0.5574193283837865	-0.29894815069625996	-0.4118776928659161	0.13542456247741003	-0.3128422371522357	0.3499956355154987	18.5	1
115.0	-0.44587724437562837	-0.49046849186367764	-0.1654985016711664	0	0.37479050559508464	0.15005614673908138	0.6991270637667775	-0.2987862004901158	-0.4118776928659161	0.13542456247741003	-0.3128422371522357	-0.1286582353576511	18.3	1
116.0	-0.44587724437562837	-0.49046849186367764	-0.1654985016711664	0	0.37479050559508464	0.273591476412877	0.14292420238853773	-0.29857690375710266	-0.4118776928659161	0.13542456247741003	-0.3128422371522357	0.3997939848465862	21.2	1
118.0	-0.44587724437562837	-0.49046849186367764	-0.1654985016711664	0	0.37479050559508464	0.12216107229661138	0.16418036269598618	-0.2987749125764252	-0.4118776928659161	0.13542456247741003	-0.3128422371522357	-0.19724017259432453	20.4	1
119.0	-0.44587724437562837	-0.49046849186367764	-0.1654985016711664	0	0.37479050559508464	0.05192525986110658	-0.11569241468542069	-0.2985540927648529	-0.4118776928659161	0.13542456247741003	-0.3128422371522357	0.3801367416895779	19.3	1
120.0	-1.3358482241493825	-0.49046849186367764	2.112583831196037	0	0.5269964094754233	-2.7999127319749326	0.04372878762044415	-0.29894721003678576	-0.8688581681079218	-1.3050186129396901	0.2923803086496303	0.35447311867903913	22.0	0
121.0	-1.3358482241493825	-0.49046849186367764	2.112583831196037	0	0.5269964094754233	0.1879137477681478	0.5538766349992114	-0.2989944781753651	-0.8688581681079218	-1.3050186129396901	0.2923803086496303	0.22910359009989825	20.3	0
122.0	-0.44587724437562837	-0.49046849186367764	2.112583831196037	0	0.5269964094754233	0.16649431560696548	0.865633652841792	-0.29908109723528253	-0.8688581681079218	-1.3050186129396901	0.2923803086496303	0.23369028016986643	20.5	1
123.0	-0.44587724437562837	-0.49046849186367764	2.112583831196037	0	0.5269964094754233	0.11419105102733423	1.0108840816093576	-0.29919280054784575	-0.8688581681079218	-1.3050186129396901	0.2923803086496303	0.1487273069690201	17.3	1
124.0	-0.44587724437562837	-0.49046849186367764	2.112583831196037	0	0.5269964094754233	0.12564795660192013	0.9683717609944601	-0.2991442781966341	-0.8688581681079218	-1.3050186129396901	0.2923803086496303	0.24777797109905583	18.8	1
125.0	-0.44587724437562837	-0.49046849186367764	2.112583831196037	0	0.5269964094754233	0.178947473840211	0.706212450535927	-0.29915478222742947	-0.8688581681079218	-1.3050186129396901	0.2923803086496303	0.30937066632434806	21.4	1
126.0	0.4440937353981259	-0.49046849186367764	2.112583831196037	0	0.5269964094754233	-0.006853646999812322	0.9612863742253104	-0.2993395434258234	-0.8688581681079218	-1.3050186129396901	0.2923803086496303	0.02838129608555891	15.7	2
127.0	0.4440937353981259	-0.49046849186367764	1.5649118637036659	0	0.7194921114417339	0.03299645934657337	0.9754571477636096	-0.29931516466778335	-0.640367930486919	0.16494184066218667	1.2700474980218739	0.38679836298167525	16.2	2
128.0	0.4440937353981259	-0.49046849186367764	1.5649118637036659	0	0.7194921114417339	0.4006136903919814	1.0746525625317034	-0.29929619470172	-0.640367930486919	0.16494184066218667	1.2700474980218739	0.43910847116060225	18.0	2
129.0	0.4440937353981259	-0.49046849186367764	1.5649118637036659	0	0.7194921114417339	0.005101384904103387	0.9294021337641377	-0.2991649727050668	-0.640367930486919	0.16494184066218667	1.2700474980218739	0.43910847116060225	14.3	2
130.0	0.4440937353981259	-0.49046849186367764	1.5649118637036659	0	0.7194921114417339	0.4140631012838866	1.0781952559162784	-0.2990563265357949	-0.640367930486919	0.16494184066218667	1.2700474980218739	0.41879598656502753	19.2	2
132.0	0.4440937353981259	-0.49046849186367764	1.5649118637036659	0	0.7194921114417339	0.371224236961522	1.0427683220705306	-0.29889257339899167	-0.640367930486919	0.16494184066218667	1.2700474980218739	0.31745197740000713	23.0	2
133.0	0.4440937353981259	-0.49046849186367764	1.5649118637036659	0	0.7194921114417339	0.0972547558301203	0.9542009874561612	-0.29878087008642856	-0.640367930486919	0.16494184066218667	1.2700474980218739	0.3494496009833595	18.4	2
134.0	0.4440937353981259	-0.49046849186367764	1.5649118637036659	0	0.7194921114417339	0.06487654442368194	1.0604817889934044	1.5382722896433525	-0.640367930486919	0.16494184066218667	1.2700474980218739	-1.0257929716622207	15.6	2
135.0	0.4440937353981259	-0.49046849186367764	1.5649118637036659	0	0.7194921114417339	0.3527935627763186	1.0533964022242548	-0.29906244082237726	-0.640367930486919	0.16494184066218667	1.2700474980218739	0.4147553310271981	18.1	2
136.0	0.4440937353981259	-0.49046849186367764	1.5649118637036659	0	0.7194921114417339	0.15702991534969885	0.8868898131492403	-0.29917516318270415	-0.640367930486919	0.16494184066218667	1.2700474980218739	0.23543759067271186	17.4	2
137.0	0.4440937353981259	-0.49046849186367764	1.5649118637036659	0	0.7194921114417339	0.4120705959665673	1.0604817889934044	-0.2992669558697297	-0.640367930486919	0.16494184066218667	1.2700474980218739	0.40831212354795615	17.1	2
138.0	-0.44587724437562837	-0.49046849186367764	1.5649118637036659	0	0.7194921114417339	0.11468917735666406	1.0533964022242548	-0.2994089954503364	-0.640367930486919	0.16494184066218667	1.2700474980218739	0.3860339146366805	13.3	1
139.0	0.4440937353981259	-0.49046849186367764	1.5649118637036659	0	0.7194921114417339	0.2611383181796315	1.0427683220705306	-0.29940891706204686	-0.640367930486919	0.16494184066218667	1.2700474980218739	0.43910847116060225	17.8	2
140.0	0.4440937353981259	-0.49046849186367764	1.5649118637036659	0	0.7194921114417339	0.27259522375421735	0.890432506533815	-0.29945344161049314	-0.640367930486919	0.16494184066218667	1.2700474980218739	0.3427879796912621	14.0	2
141.0	0.4440937353981259	-0.49046849186367764	1.5649118637036659	0	0.7194921114417339	-0.30274068662172615	1.1171648831466006	-0.2995886614099117	-0.640367930486919	0.16494184066218667	1.2700474980218739	0.43910847116060225	14.4	2
142.0	0.4440937353981259	-0.49046849186367764	1.2284431815474481	1	1.8252232366900758	-0.11146017615907478	1.1171648831466006	-0.2996810028149639	-0.5261228116764175	-0.035775650994294486	-1.7560652309874547	0.43910847116060225	13.4	2
143.0	1.3340647151718805	-0.49046849186367764	1.2284431815474481	0	1.8252232366900758	-0.07908196475263639	1.1171648831466006	-0.2996102965778186	-0.5261228116764175	-0.035775650994294486	-1.7560652309874547	0.43910847116060225	15.6	3
144.0	0.4440937353981259	-0.49046849186367764	1.2284431815474481	0	1.8252232366900758	-0.3605233408239854	1.0392256286859556	-0.29966195446061106	-0.5261228116764175	-0.035775650994294486	-1.7560652309874547	0.43910847116060225	11.8	2
145.0	0.4440937353981259	-0.49046849186367764	1.2284431815474481	0	1.8252232366900758	-2.799783219129307	1.1171648831466006	-0.29960457423268383	-0.5261228116764175	-0.035775650994294486	-1.7560652309874547	-2.007017025916214	13.8	2
146.0	0.4440937353981259	-0.49046849186367764	1.2284431815474481	0	1.8252232366900758	0.0006182479401349955	1.1171648831466006	-0.29952814565040375	-0.5261228116764175	-0.035775650994294486	-1.7560652309874547	-2.0467683398559418	15.6	2
147.0	0.4440937353981259	-0.49046849186367764	1.2284431815474481	0	1.8252232366900758	-0.34906643524939945	0.9648290676098854	-0.2995718863159548	-0.5261228116764175	-0.035775650994294486	-1.7560652309874547	0.3824300867245619	14.6	2
148.0	0.4440937353981259	-0.49046849186367764	1.2284431815474481	0	1.8252232366900758	-0.21955358962364596	0.8975178933029645	-0.2995179551727664	-0.5261228116764175	-0.035775650994294486	-1.7560652309874547	0.0032637076071594033	17.8	2
149.0	0.4440937353981259	-0.49046849186367764	1.2284431815474481	0	1.8252232366900758	-0.014823668269089462	0.9364875205332873	-0.2995210123160576	-0.5261228116764175	-0.035775650994294486	-1.7560652309874547	-0.05286864229674167	15.4	2
150.0	0.4440937353981259	-0.49046849186367764	1.2284431815474481	0	1.8252232366900758	0.24669265462906667	1.0215121617630818	0.9676055419522175	-0.5261228116764175	-0.035775650994294486	-1.7560652309874547	0.17591982666954822	21.5	2
151.0	0.4440937353981259	-0.49046849186367764	1.2284431815474481	0	1.8252232366900758	-0.11096204982974495	1.1171648831466006	-0.2994693544332652	-0.5261228116764175	-0.035775650994294486	-1.7560652309874547	-0.16480572138526067	19.6	2
152.0	0.4440937353981259	-0.49046849186367764	1.2284431815474481	1	1.8252232366900758	-0.30622757092703484	0.6920416769976278	-0.29945477421141486	-0.5261228116764175	-0.035775650994294486	-1.7560652309874547	-0.1464589611053869	15.3	2
153.0	0.4440937353981259	-0.49046849186367764	1.2284431815474481	0	1.8252232366900758	0.04096648061585051	1.064024482377979	-0.2994445837337775	-0.5261228116764175	-0.035775650994294486	-1.7560652309874547	-1.0346387310828744	19.4	2
154.0	0.4440937353981259	-0.49046849186367764	1.2284431815474481	1	1.8252232366900758	0.25017953893437544	0.9754571477636096	-0.29934565771240584	-0.5261228116764175	-0.035775650994294486	-1.7560652309874547	-0.38955353481372174	17.0	2
155.0	0.4440937353981259	-0.49046849186367764	1.2284431815474481	1	1.8252232366900758	0.26163644450896134	0.5007362342305898	-0.29934871485569703	-0.5261228116764175	-0.035775650994294486	-1.7560652309874547	-2.9341836614884347	15.6	2
156.0	0.4440937353981259	-0.49046849186367764	1.2284431815474481	0	1.8252232366900758	-0.17671472530128135	0.9046032800721142	-0.29935584819004313	-0.5261228116764175	-0.035775650994294486	-1.7560652309874547	-2.9274128332899094	13.1	2
157.0	0.4440937353981259	-0.49046849186367764	1.2284431815474481	0	0.6344358710380151	0.6556543710088499	1.0250548551476566	-0.2992453990901123	-0.5261228116764175	-0.035775650994294486	-1.7560652309874547	0.07359295534667765	41.3	2
158.0	0.4440937353981259	-0.49046849186367764	1.2284431815474481	0	0.6344358710380151	0.2187975801865967	1.1171648831466006	-0.2993394650375339	-0.5261228116764175	-0.035775650994294486	-1.7560652309874547	-0.0305904333854661	24.3	2
159.0	0.4440937353981259	-0.49046849186367764	1.2284431815474481	0	1.8252232366900758	-2.799593931124161	1.1171648831466006	-0.2993327236446353	-0.5261228116764175	-0.035775650994294486	-1.7560652309874547	0.08320316311232608	23.3	2
160.0	0.4440937353981259	-0.49046849186367764	1.2284431815474481	1	0.6344358710380151	-2.799723443969787	0.8550055726880672	-0.299307247450542	-0.5261228116764175	-0.035775650994294486	-1.7560652309874547	-0.19407317230791743	27.0	2
161.0	0.4440937353981259	-0.49046849186367764	1.2284431815474481	0	0.6344358710380151	0.9276313468229324	0.7912370917657213	-0.29917202765112344	-0.5261228116764175	-0.035775650994294486	-1.7560652309874547	0.1937205524172834	50.0	2
162.0	0.4440937353981259	-0.49046849186367764	1.2284431815474481	1	0.6344358710380151	1.0835448879031662	1.0533964022242548	-0.2991173126250399	-0.5261228116764175	-0.035775650994294486	-1.7560652309874547	0.3594966363747194	50.0	2
163.0	0.4440937353981259	-0.49046849186367764	1.2284431815474481	1	0.6344358710380151	1.3689712746091538	0.9010605866875396	1.3940378369302084	-0.5261228116764175	-0.035775650994294486	-1.7560652309874547	0.3468286352290916	50.0	2
164.0	0.4440937353981259	-0.49046849186367764	1.2284431815474481	0	0.6344358710380151	0.11319479836867459	0.8266640256114691	1.5978473896770427	-0.5261228116764175	-0.035775650994294486	-1.7560652309874547	0.41956043491002226	22.7	2
166.0	0.4440937353981259	-0.49046849186367764	1.2284431815474481	0	0.6344358710380151	1.1468069317280534	0.9825425345327593	-0.2991132364339849	-0.5261228116764175	-0.035775650994294486	-1.7560652309874547	0.13769740941981004	50.0	2
167.0	0.4440937353981259	-0.49046849186367764	1.2284431815474481	0	0.6344358710380151	0.12465170394326049	0.3802846591550477	-0.29881536093381644	-0.5261228116764175	-0.035775650994294486	-1.7560652309874547	-1.4096552477560196	23.8	2
168.0	0.4440937353981259	-0.49046849186367764	1.2284431815474481	0	0.6344358710380151	0.3448235415070415	0.9789998411481843	-0.29907082836935567	-0.5261228116764175	-0.035775650994294486	-1.7560652309874547	-0.6508856618955031	23.8	2
169.0	0.4440937353981259	-0.49046849186367764	1.2284431815474481	0	0.6344358710380151	0.3861680268414166	0.9471156006870115	-0.2989434473988889	-0.5261228116764175	-0.035775650994294486	-1.7560652309874547	-0.29104890521582455	22.3	2
170.0	0.4440937353981259	-0.49046849186367764	1.2284431815474481	0	0.6344358710380151	0.12365545128460084	0.9258594403795626	-0.29881536093381644	-0.5261228116764175	-0.035775650994294486	-1.7560652309874547	-0.7033049769808579	17.4	2
171.0	0.4440937353981259	-0.49046849186367764	1.2284431815474481	0	0.6344358710380151	-2.799907750711639	1.0215121617630818	-0.29884452137751716	-0.5261228116764175	-0.035775650994294486	-1.7560652309874547	-0.09349361148789229	19.1	2
172.0	-0.44587724437562837	-0.49046849186367764	-1.0336168331218398	0	-2.0716508006274514	-0.027276826502334994	0.7097551439205017	-0.2986819440650568	-0.5261228116764175	-0.6674454041485146	-0.8715092025078037	0.43910847116060225	23.1	1
173.0	-0.44587724437562837	-0.49046849186367764	-1.0336168331218398	0	-2.0716508006274514	0.3931417954520341	0.5538766349992114	-0.29864259314371877	-0.5261228116764175	-0.6674454041485146	-0.8715092025078037	0.42381950426070725	23.6	1
174.0	-0.44587724437562837	-0.49046849186367764	-1.0336168331218398	0	-2.0716508006274514	0.1156854300153237	0.008301853774696413	-0.29859900925474675	-0.5261228116764175	-0.6674454041485146	-0.8715092025078037	0.3990295365015915	22.6	1
175.0	-1.3358482241493825	-0.49046849186367764	-1.0336168331218398	0	-2.0716508006274514	0.4578982182649109	-1.2528969911339232	-0.29826162605666123	-0.5261228116764175	-0.6674454041485146	-0.8715092025078037	0.37423956874247516	29.4	0
176.0	-1.3358482241493825	-0.49046849186367764	-1.0336168331218398	0	-2.0716508006274514	-2.799838013025533	-0.7533772239088801	-0.2979303571451581	-0.5261228116764175	-0.6674454041485146	-0.8715092025078037	0.3990295365015915	23.2	0
177.0	-1.3358482241493825	-0.49046849186367764	-1.0336168331218398	0	-2.0716508006274514	0.34283103618972216	0.1748084428497109	-0.29811645094447387	-0.5261228116764175	-0.6674454041485146	-0.8715092025078037	0.42491157332498575	24.6	0
178.0	-1.3358482241493825	-0.49046849186367764	-1.0336168331218398	0	-2.0716508006274514	-2.799419586908896	0.21023537669545864	-0.2984317286449153	-0.5261228116764175	-0.6674454041485146	-0.8715092025078037	0.37762498284173773	29.9	0
179.0	-1.3358482241493825	-0.49046849186367764	-1.2652121598007944	0	0.1106684959203795	-2.799359811749377	-0.35659556483650545	1.9168877280153558	-0.7546130492974205	-1.2755013347549136	-0.3128422371522357	0.43910847116060225	37.2	0
180.0	-1.3358482241493825	-0.49046849186367764	-1.2652121598007944	0	0.1106684959203795	1.0651142137179628	0.5255350879226132	1.847906033239504	-0.7546130492974205	-1.2755013347549136	-0.3128422371522357	0.42447474569927424	39.8	0
181.0	-1.3358482241493825	-0.49046849186367764	-1.2652121598007944	0	7.823782096593743e-17	0.2576514338743227	-0.2219732162226639	-0.2986805330758455	-0.7546130492974205	-1.2755013347549136	-0.3128422371522357	0.43910847116060225	36.2	0
182.0	-0.44587724437562837	-0.49046849186367764	-1.2652121598007944	0	0.1106684959203795	0.761257152826772	0.8408347991497683	-0.2986000283025105	-0.7546130492974205	-1.2755013347549136	-0.3128422371522357	0.40874895117366766	37.9	1
183.0	-0.44587724437562837	-0.49046849186367764	-1.2652121598007944	0	0.1106684959203795	0.4663663658635179	0.9612863742253104	1.930997620128598	-0.7546130492974205	-1.2755013347549136	-0.3128422371522357	0.43910847116060225	32.5	1
184.0	-0.44587724437562837	-0.49046849186367764	-1.2652121598007944	0	0.1106684959203795	-0.011336783963780715	0.7558101579199735	-0.29837481874672517	-0.7546130492974205	-1.2755013347549136	-0.3128422371522357	0.3746763963681867	26.4	1
185.0	-1.3358482241493825	-0.49046849186367764	-1.2652121598007944	0	0.1106684959203795	0.26213457083829117	0.011844547159270986	-0.2981460817179117	-0.7546130492974205	-1.2755013347549136	-0.3128422371522357	0.33219490976776356	29.6	0
186.0	-1.3358482241493825	-0.49046849186367764	-1.2652121598007944	0	0.1106684959203795	1.0979905514537311	-0.5266448472960945	-0.2982091842909737	-0.7546130492974205	-1.2755013347549136	-0.3128422371522357	0.39247712211592184	50.0	0
187.0	-1.3358482241493825	1.4294265129686397	-1.1224678704011872	0	-0.11764035990012835	0.5754560319867487	-0.9694815203679413	-0.2977471637125545	-0.5261228116764175	-0.06529292917907113	-1.5232873287559676	0.4060187785129721	32.0	0
188.0	-0.44587724437562837	1.4294265129686397	-1.1224678704011872	0	-0.11764035990012835	0.46287948155820907	-1.3946047265169141	-0.2971372244318148	-0.5261228116764175	-0.06529292917907113	-1.5232873287559676	0.28556356072308253	29.8	1
189.0	-0.44587724437562837	1.4294265129686397	-1.1224678704011872	0	-0.11764035990012835	0.7762009427066666	-1.0474207748285864	-0.2971372244318148	-0.5261228116764175	-0.06529292917907113	-1.5232873287559676	0.43910847116060225	34.9	1
190.0	-0.44587724437562837	1.4294265129686397	-1.1224678704011872	0	-0.11764035990012835	0.6596393816434885	-1.663849423744597	-0.29563757806504576	-0.5261228116764175	-0.06529292917907113	-1.5232873287559676	0.229212797006326	37.0	1
191.0	-1.3358482241493825	1.4294265129686397	-1.1224678704011872	0	-0.11764035990012835	0.5540365998255664	-1.3343789389791432	-0.29563757806504576	-0.5261228116764175	-0.06529292917907113	-1.5232873287559676	0.36058870543899724	30.5	0
192.0	-0.44587724437562837	1.4294265129686397	-1.1224678704011872	0	-0.11764035990012835	0.7727140584013579	-1.4938001412850082	-0.29563757806504576	-0.5261228116764175	-0.06529292917907113	-1.5232873287559676	0.3691068441403678	36.4	1
193.0	-1.3358482241493825	2.069391514579412	-1.1967531638642483	0	-0.2787995522440163	-2.7994494744886556	-2.074801856355271	-0.2958415443943716	-0.9831032869184233	-0.8504525288941298	-1.3370650069707783	0.4005584331915809	31.1	0
194.0	-1.3358482241493825	2.069391514579412	-1.1967531638642483	0	-0.2787995522440163	0.4867895453660405	-1.759502145128116	-0.2958415443943716	-0.9831032869184233	-0.8504525288941298	-1.3370650069707783	0.2185105201763991	29.1	0
195.0	-1.3358482241493825	2.9226781833937756	-1.5565270361265238	0	-0.1847900233767483	1.1199081099442432	-1.291866618364246	-0.2962892983040985	-0.640367930486919	-0.9094870852636832	-1.8957319723263462	0.40995022714437385	50.0	0
196.0	-1.3358482241493825	2.9226781833937756	-1.4021301516738873	0	-0.26536961954869226	0.8270098282983085	-1.2174700572881754	5.428683098422341	-0.8688581681079218	-0.4726313681289888	-2.733732420359699	0.43910847116060225	33.3	0
197.0	-1.3358482241493825	2.9226781833937756	-1.4021301516738873	0	-0.26536961954869226	0.7373470890189406	-1.1289027226738062	5.428683098422341	-0.8688581681079218	-0.4726313681289888	-2.733732420359699	-0.026003743315497343	30.3	0
198.0	-1.3358482241493825	2.9226781833937756	-1.4021301516738873	0	-0.26536961954869226	0.8205341860170208	-1.068676935136035	5.428683098422341	-0.8688581681079218	-0.4726313681289888	-2.733732420359699	0.38778122513952534	34.6	0
199.0	-1.3358482241493825	3.5626431850045477	-1.4094130235820306	0	-0.26984626378046694	0.6715944135474042	-1.8834964135882333	-0.29471761309926237	-0.7546130492974205	-0.04167910663124982	-0.6852868807226149	0.43910847116060225	34.9	0
200.0	-1.3358482241493825	3.5626431850045477	-1.4094130235820306	0	-0.26984626378046694	0.7512946262401756	-1.93309412097228	-0.29471761309926237	-0.7546130492974205	-0.04167910663124982	-0.6852868807226149	0.30150776906154514	32.9	0
201.0	-1.3358482241493825	3.0293390169955705	-1.3278448582108267	0	-0.21612653299917095	0.2666177078022595	-1.0651342417514604	-0.29580203669645455	-0.8688581681079218	-0.36046571102683755	-1.7560652309874547	0.4049267094486936	24.1	0
202.0	-1.3358482241493825	3.0293390169955705	-1.3278448582108267	0	-0.21612653299917095	-2.799045992161899	-1.8693256400499338	-0.29580203669645455	-0.8688581681079218	-0.36046571102683755	-1.7560652309874547	0.42250902138357327	42.3	0
203.0	-1.3358482241493825	3.5626431850045477	-1.2331675234049644	0	-2.0720711575208153	1.108949330698987	-1.2493542977493484	3.7111956750826747	-0.640367930486919	-1.0924942100092985	-1.7560652309874547	0.394115225712339	48.5	0
204.0	-1.3358482241493825	3.5626431850045477	-1.2331675234049644	0	-2.0720711575208153	1.1991101963076847	-1.2954093117488206	3.7111956750826747	-0.640367930486919	-1.0924942100092985	-1.7560652309874547	0.36976208557893475	50.0	0
205.0	-0.44587724437562837	-0.49046849186367764	-0.08101718753670488	0	0.11514514015215419	0.13162547255387796	-1.6355078766679991	-0.29762425087459027	-0.640367930486919	-0.7796110612506659	0.05960240641814354	0.43910847116060225	22.6	1
207.0	0.4440937353981259	-0.49046849186367764	-0.08101718753670488	0	0.11514514015215419	0.0778278289862573	0.1500095891576874	-0.297303250829014	-0.640367930486919	-0.7796110612506659	0.05960240641814354	0.3575309120590185	22.5	2
208.0	-0.44587724437562837	-0.49046849186367764	-0.08101718753670488	1	0.11514514015215419	0.21780132752793704	-0.33179671114448195	-0.29739394607998637	-0.640367930486919	-0.7796110612506659	0.05960240641814354	0.26896411094605355	24.4	1
209.0	0.4440937353981259	-0.49046849186367764	-0.08101718753670488	1	0.11514514015215419	-0.14084962958953423	1.1171648831466006	2.7368292363737727	-0.640367930486919	-0.7796110612506659	0.05960240641814354	0.43910847116060225	20.0	2
210.0	-0.44587724437562837	-0.49046849186367764	-0.08101718753670488	1	0.11514514015215419	-2.799867900605293	0.8372921057651933	-0.29767779007633105	-0.640367930486919	-0.7796110612506659	0.05960240641814354	0.399247950314447	21.7	1
211.0	0.4440937353981259	-0.49046849186367764	-0.08101718753670488	1	0.11514514015215419	-0.11096204982974495	0.7132978373050762	2.572213828385945	-0.640367930486919	-0.7796110612506659	0.05960240641814354	0.42098012469358387	19.3	2
212.0	-0.44587724437562837	-0.49046849186367764	-0.08101718753670488	1	0.11514514015215419	0.089782860890173	-0.5195594605269452	-0.29785377178629896	-0.640367930486919	-0.7796110612506659	0.05960240641814354	0.37402115492961974	22.4	1
213.0	-0.44587724437562837	-0.49046849186367764	-0.08101718753670488	0	0.11514514015215419	0.37271861594951144	-1.2812385382105218	-0.29762425087459027	-0.640367930486919	-0.7796110612506659	0.05960240641814354	0.3179980119321464	28.1	1
214.0	0.4440937353981259	-0.49046849186367764	-0.08101718753670488	0	0.11514514015215419	-0.10697703919510637	-2.0783445497398456	-0.29790480256277524	-0.640367930486919	-0.7796110612506659	0.05960240641814354	-0.0847570589736663	23.7	2
215.0	-0.44587724437562837	-0.49046849186367764	-0.08101718753670488	0	0.11514514015215419	0.27658023438885593	-0.9234265063684693	-0.29762425087459027	-0.640367930486919	-0.7796110612506659	0.05960240641814354	0.40339781275870423	25.0	1
216.0	-1.3358482241493825	-0.49046849186367764	0.3996523584007486	1	-2.0714717348581804	0.1301310935658885	-0.44162020606630004	-0.29827746049114384	-0.5261228116764175	-0.7855145168876212	-0.9646203634003997	0.39433363952519507	23.3	0
217.0	-1.3358482241493825	-0.49046849186367764	0.3996523584007486	0	-2.0714717348581804	0.5057183458805736	0.589303568844959	-0.2980352406765332	-0.5261228116764175	-0.7855145168876212	-0.9646203634003997	0.394115225712339	28.7	0
218.0	-0.44587724437562837	-0.49046849186367764	0.3996523584007486	1	-2.0714717348581804	0.16151305231366725	0.8975178933029645	-0.29845210960019	-0.5261228116764175	-0.7855145168876212	-0.9646203634003997	0.43910847116060225	21.5	1
219.0	-0.44587724437562837	-0.49046849186367764	0.3996523584007486	1	-2.0714717348581804	0.37172236329085184	0.847920185918918	-0.2980805491078746	-0.5261228116764175	-0.7855145168876212	-0.9646203634003997	0.40459908872941036	23.0	1
220.0	0.4440937353981259	-0.49046849186367764	-0.7204533410716808	1	0.19572473632409812	0.6596393816434885	0.7097551439205017	-0.29847374476809696	-0.18338745524491318	-0.602507392142006	-0.49906455893742613	0.38232087981813423	26.7	2
221.0	0.4440937353981259	-0.49046849186367764	-0.7204533410716808	1	0.19572473632409812	0.2676139604609192	0.8089505586885952	2.0885580820598046	-0.18338745524491318	-0.602507392142006	-0.49906455893742613	0.42098012469358387	21.7	2
222.0	0.4440937353981259	-0.49046849186367764	-0.7204533410716808	1	0.19572473632409812	0.6237742859317413	0.3271442583864261	-0.298152039227915	-0.18338745524491318	-0.602507392142006	-0.49906455893742613	0.3680147750760893	27.5	2
223.0	0.4440937353981259	-0.49046849186367764	-0.7204533410716808	0	0.19572473632409812	0.49376331397665796	0.4369677533082439	-0.298152039227915	-0.18338745524491318	-0.602507392142006	-0.49906455893742613	0.43910847116060225	30.1	2
224.0	0.4440937353981259	-0.49046849186367764	-0.7204533410716808	0	0.18229480362877412	1.3146755047122032	0.34840041869387456	-0.29844811179742453	-0.18338745524491318	-0.602507392142006	-0.49906455893742613	0.3096982870436319	44.8	2
225.0	0.4440937353981259	-0.49046849186367764	-0.7204533410716808	0	0.18229480362877412	1.5433154898745913	0.514907007768889	-0.29844811179742453	-0.18338745524491318	-0.602507392142006	-0.49906455893742613	0.2763901805831457	50.0	2
226.0	0.4440937353981259	-0.49046849186367764	-0.7204533410716808	0	0.18229480362877412	-2.798831797840287	0.638901276229006	-0.2981962502232032	-0.18338745524491318	-0.602507392142006	-0.49906455893742613	0.33514349624131456	37.6	2
227.0	0.4440937353981259	-0.49046849186367764	-0.7204533410716808	0	0.18229480362877412	0.7652421634614105	0.4050835128470712	-0.2981962502232032	-0.18338745524491318	-0.602507392142006	-0.49906455893742613	0.16805692940674466	31.6	2
228.0	0.4440937353981259	-0.49046849186367764	-0.7204533410716808	0	0.18229480362877412	1.025762233700907	-1.8232706260504619	-0.29807129928971154	-0.18338745524491318	-0.602507392142006	-0.49906455893742613	0.22735627959705282	46.7	2
229.0	0.4440937353981259	-0.49046849186367764	-0.7204533410716808	0	0.18229480362877412	0.4608869762408898	-1.667392117129172	-0.29807129928971154	-0.18338745524491318	-0.602507392142006	-0.49906455893742613	0.25826183411612663	31.5	2
230.0	1.3340647151718805	-0.49046849186367764	-0.7204533410716808	0	0.18229480362877412	0.1764568421935619	-0.012954306532752534	-0.29783895639958013	-0.18338745524491318	-0.602507392142006	-0.49906455893742613	0.23652965973699033	24.3	3
231.0	0.4440937353981259	-0.49046849186367764	-0.7204533410716808	0	0.18229480362877412	0.889275619464536	0.29880271130982805	-0.29783895639958013	-0.18338745524491318	-0.602507392142006	-0.49906455893742613	0.21239493341644097	31.7	2
232.0	0.4440937353981259	-0.49046849186367764	-0.7204533410716808	0	0.19572473632409812	1.3500424740946204	0.17126574946513584	-0.29770812634437455	-0.18338745524491318	-0.602507392142006	-0.49906455893742613	0.3190900809964249	41.7	2
234.0	0.4440937353981259	-0.49046849186367764	-0.7204533410716808	1	7.823782096593743e-17	-1.1735673144890614e-16	5.535767162753408e-17	0.0	-0.18338745524491318	-0.602507392142006	-0.49906455893742613	0.0383191245704905	29.0	2
235.0	0.4440937353981259	-0.49046849186367764	-0.7204533410716808	0	0.19572473632409812	0.2287601067731931	-0.24677206991468745	-0.2978543205043256	-0.18338745524491318	-0.602507392142006	-0.49906455893742613	0.21905655470853835	24.0	2
236.0	0.4440937353981259	-0.49046849186367764	-0.7204533410716808	1	0.19572473632409812	0.5002389562579457	0.28463193777152873	2.950829266757948	-0.18338745524491318	-0.602507392142006	-0.49906455893742613	0.3468286352290916	25.1	2
237.0	0.4440937353981259	-0.49046849186367764	-0.7204533410716808	0	0.19572473632409812	0.8623767976807256	0.11103996192736458	2.950829266757948	-0.18338745524491318	-0.602507392142006	-0.49906455893742613	0.364520154070399	31.5	2
238.0	-0.44587724437562837	0.7894615113578672	-0.9054382875385188	0	-0.15793015798610033	0.42552000685847247	-1.7701302252818403	-0.2958648257163584	-0.4118776928659161	-0.6438315816006933	-0.8715092025078037	0.24810559181833966	23.7	1
239.0	-0.44587724437562837	0.7894615113578672	-0.9054382875385188	0	-0.15793015798610033	0.4877857980247001	-0.9305118931376187	-0.2958648257163584	-0.4118776928659161	-0.6438315816006933	-0.8715092025078037	0.29582900992729794	23.3	1
240.0	-0.44587724437562837	0.7894615113578672	-0.9054382875385188	0	-0.15793015798610033	0.6327405598596781	-0.5018459936040713	-0.2957502220370831	-0.4118776928659161	-0.6438315816006933	-0.8715092025078037	0.37740656902888225	22.0	1
241.0	-0.44587724437562837	0.7894615113578672	-0.9054382875385188	0	-0.15793015798610033	0.23324324373716152	-0.11923510806999577	-0.2957502220370831	-0.4118776928659161	-0.6438315816006933	-0.8715092025078037	0.41420929649505883	20.1	1
242.0	-0.44587724437562837	0.7894615113578672	-0.9054382875385188	0	-0.15793015798610033	0.3642504683509045	-0.5514437009881181	-0.29520197434019413	-0.4118776928659161	-0.6438315816006933	-0.8715092025078037	0.175373792137409	22.2	1
243.0	-0.44587724437562837	0.7894615113578672	-0.9054382875385188	0	-0.15793015798610033	0.38168488987744825	-2.149198417431341	-0.29520197434019413	-0.4118776928659161	-0.6438315816006933	-0.8715092025078037	0.19677834579726214	23.7	1
244.0	-0.44587724437562837	0.44814684383212194	-0.7699768700470547	0	-0.14450022529077633	-0.016816173586408748	0.28463193777152873	-0.2944812724063655	-0.29763257405541466	-0.4667279124920335	0.2923803086496303	0.17253441257028565	17.6	1
245.0	-0.44587724437562837	0.44814684383212194	-0.7699768700470547	0	-0.14450022529077633	-0.010838657634450893	0.061442254543318024	-0.2944812724063655	-0.29763257405541466	-0.4667279124920335	0.2923803086496303	0.35425470486618366	18.5	1
246.0	0.4440937353981259	0.44814684383212194	-0.7699768700470547	0	-0.14450022529077633	0.2397188860184492	-1.1891285102115774	-0.2944024137871104	-0.29763257405541466	-0.4667279124920335	0.2923803086496303	0.36572143004110524	24.3	2
247.0	-0.44587724437562837	0.44814684383212194	8.803888620080567e-17	0	-0.14450022529077633	0.29849779287936806	0.3802846591550477	0.0	-0.29763257405541466	-0.4667279124920335	0.2923803086496303	0.21239493341644097	20.5	1
248.0	-0.44587724437562837	0.44814684383212194	-0.7699768700470547	0	-0.14450022529077633	0.40160994305064107	-0.6860660496019594	-0.2945819229701066	-0.29763257405541466	-0.4667279124920335	0.2923803086496303	0.19677834579726214	24.5	1
249.0	-0.44587724437562837	0.44814684383212194	-0.7699768700470547	0	-0.14450022529077633	0.5435759469096401	-1.805557159127588	-0.2945819229701066	-0.29763257405541466	-0.4667279124920335	0.2923803086496303	0.40459908872941036	26.2	1
250.0	-0.44587724437562837	0.44814684383212194	-0.7699768700470547	0	-0.14450022529077633	0.42850876483445144	-1.964978361433453	-0.2949188358384551	-0.29763257405541466	-0.4667279124920335	0.2923803086496303	0.43233764296207716	24.4	1
251.0	-0.44587724437562837	0.44814684383212194	-0.7699768700470547	0	-0.14450022529077633	0.40410057469729016	-2.1102287902010186	-0.2949188358384551	-0.29763257405541466	-0.4667279124920335	0.2923803086496303	0.2225511757142286	24.8	1
252.0	-0.44587724437562837	0.44814684383212194	-0.7699768700470547	0	-0.14450022529077633	0.6626281396194673	-2.1846253512770892	-0.29373517266673305	-0.29763257405541466	-0.4667279124920335	0.2923803086496303	0.32105580531212513	29.6	1
253.0	0.4440937353981259	0.44814684383212194	-0.7699768700470547	0	-0.14450022529077633	1.3111886204068943	-2.1279422571238924	-0.29373517266673305	-0.29763257405541466	-0.4667279124920335	0.2923803086496303	0.43910847116060225	42.8	2
254.0	-1.3358482241493825	2.9226781833937756	-1.0933363827686142	0	-0.31908935032998825	0.2397188860184492	-1.291866618364246	-0.2934893469908046	-0.9831032869184233	-0.5552797470463634	-0.9646203634003997	0.39531650168304516	21.9	0
255.0	-1.3358482241493825	2.9226781833937756	-1.0933363827686142	0	-0.31908935032998825	0.12415357761393067	-1.7488740649743917	-0.2934893469908046	-0.9831032869184233	-0.5552797470463634	-0.9646203634003997	0.42032488325501693	20.9	0
256.0	-1.3358482241493825	3.349321517800957	-1.0773140645706991	0	-0.31013606186643894	0.9101969252963886	-1.2139273639036008	-0.2957502220370831	-0.7546130492974205	-0.9744250972701917	-1.1973982656318858	0.3237859779728207	44.0	0
257.0	0.4440937353981259	0.36281817695068563	-1.045269428174869	0	0.8224549287725511	1.532854836958665	0.6530720497673055	1.1110561117701816	-0.5261228116764175	-0.8563559845310851	-2.5475100985745094	0.36047949853256955	50.0	2
258.0	0.4440937353981259	0.36281817695068563	-1.045269428174869	0	0.8224549287725511	0.8499236394474802	1.1171648831466006	-0.29923183791602564	-0.5261228116764175	-0.8563559845310851	-2.5475100985745094	0.29047787151233506	36.0	2
259.0	0.4440937353981259	0.36281817695068563	-1.045269428174869	0	0.8224549287725511	0.605343611746538	1.1171648831466006	-0.29914082911189527	-0.5261228116764175	-0.8563559845310851	-2.5475100985745094	0.38483263866597434	30.1	2
260.0	0.4440937353981259	0.36281817695068563	-1.045269428174869	0	0.8224549287725511	0.7851672166346034	0.47239468715399163	-0.299061343386324	-0.5261228116764175	-0.8563559845310851	-1.280255252169885e-15	0.39433363952519507	33.8	2
261.0	0.4440937353981259	0.36281817695068563	-1.045269428174869	0	0.8224549287725511	-2.799090823531538	0.7416393843816748	-0.29903962983012755	-0.5261228116764175	-0.8563559845310851	-2.5475100985745094	0.34595497997766916	43.1	2
262.0	0.4440937353981259	0.36281817695068563	-1.045269428174869	0	7.823782096593743e-17	1.3804281801837395	0.8160359454577448	-0.2989230664436142	-0.5261228116764175	-0.8563559845310851	-2.5475100985745094	0.329464737107068	48.8	2
263.0	0.4440937353981259	0.36281817695068563	-1.045269428174869	0	0.8224549287725511	0.8469348814715012	0.9223167469949881	-0.2990874466867335	-0.5261228116764175	-0.8563559845310851	-2.5475100985745094	0.4011044677237201	31.0	2
264.0	0.4440937353981259	0.36281817695068563	-1.045269428174869	0	0.8224549287725511	0.7866615956225929	0.8195786388423194	-0.2992040100732468	-0.5261228116764175	-0.8563559845310851	-2.5475100985745094	0.3407130484691335	36.5	2
265.0	0.4440937353981259	0.36281817695068563	-1.045269428174869	0	0.8224549287725511	-2.800067151137025	-0.20071705591521546	-0.29915979907795864	-0.5261228116764175	-0.8563559845310851	-2.5475100985745094	0.3899653632680817	22.8	2
266.0	0.4440937353981259	0.36281817695068563	-1.045269428174869	0	0.8224549287725511	0.6910213403912673	0.5715901019220851	-0.29904503862210424	-0.5261228116764175	-0.8563559845310851	-2.5475100985745094	0.298996010213705	30.7	2
267.0	0.4440937353981259	0.36281817695068563	-1.045269428174869	0	0.5001365440847754	1.3301174209214277	-0.05192393376307485	-0.29881873163026573	-0.5261228116764175	-0.8563559845310851	-2.5475100985745094	0.304128734815813	50.0	2
268.0	0.4440937353981259	0.36281817695068563	-1.045269428174869	0	0.5001365440847754	-2.799115729848005	-0.5620717811418423	1.9505946925081012	-0.5261228116764175	-0.8563559845310851	-2.5475100985745094	0.36703191291823917	43.5	2
269.0	-0.44587724437562837	0.36281817695068563	-0.6097536880679036	1	0.003229034357787573	-2.799887825658466	-0.24677206991468745	-0.2976461212073658	-0.7546130492974205	-1.0983976656462537	0.05960240641814354	0.37838943118673246	20.7	1
270.0	0.4440937353981259	0.36281817695068563	-0.6097536880679036	0	0.003229034357787573	0.11419105102733423	-0.9340545865221936	3.171100360303565	-0.7546130492974205	-1.0983976656462537	0.05960240641814354	0.3490127733576479	21.1	2
271.0	-0.44587724437562837	0.36281817695068563	-0.6097536880679036	0	0.003229034357787573	-2.7997284252330807	-1.8480694797424855	3.171100360303565	-0.7546130492974205	-1.0983976656462537	0.05960240641814354	0.43910847116060225	25.2	1
272.0	-0.44587724437562837	0.36281817695068563	-0.6097536880679036	0	0.003229034357787573	0.4539132076302723	-0.345967484682781	-0.2976461212073658	-0.7546130492974205	-1.0983976656462537	0.05960240641814354	0.4179223313136045	24.4	1
273.0	-0.44587724437562837	0.36281817695068563	-0.6097536880679036	1	0.003229034357787573	1.028252865347556	-0.5904133282184406	-0.29729415778742996	-0.7546130492974205	-1.0983976656462537	0.05960240641814354	0.37216463752034656	35.2	1
274.0	-1.3358482241493825	1.2161048457650487	-0.6898652790574792	1	-0.07287391758238171	0.563501000082833	-1.2599823779030728	-0.29752062155584746	-0.640367930486919	-0.9153905409006384	-0.40595339804483005	0.43910847116060225	32.4	0
275.0	-0.44587724437562837	1.2161048457650487	-0.6898652790574792	0	-0.07287391758238171	0.6113211276984958	-0.9092557328301702	-0.2973719189706318	-0.640367930486919	-0.9153905409006384	-0.40595339804483005	0.43910847116060225	32.0	1
276.0	-0.44587724437562837	1.2161048457650487	-0.6898652790574792	1	-0.07287391758238171	0.8170473017117119	-0.6896087429865342	-0.29696437825342764	-0.640367930486919	-0.9153905409006384	-0.40595339804483005	0.3555651877433176	33.2	1
277.0	-1.3358482241493825	1.2161048457650487	-0.6898652790574792	1	-0.07287391758238171	0.5973735904772608	-1.447745127285536	-0.296905116706552	-0.640367930486919	-0.9153905409006384	-0.40595339804483005	0.4014320884430033	33.1	0
278.0	-1.3358482241493825	1.2161048457650487	-0.6898652790574792	0	-0.07287391758238171	0.4260181331878023	-1.288323924979671	-0.29747147209831964	-0.640367930486919	-0.9153905409006384	-0.40595339804483005	0.43910847116060225	29.1	0
279.0	-0.44587724437562837	0.36281817695068563	-1.1384901885991023	0	-2.0719511834554036	0.5903998218666433	-1.2847812315950962	-0.29750251386096876	-0.5261228116764175	-1.139721855104941	-1.6629540700948595	0.43910847116060225	35.1	1
280.0	-1.3358482241493825	0.36281817695068563	-1.1384901885991023	0	-2.0719511834554036	-2.7989413856327396	-0.1404912683774442	-0.2970368874212318	-0.5261228116764175	-1.139721855104941	-1.6629540700948595	0.3343790478963199	45.4	0
281.0	-1.3358482241493825	0.36281817695068563	-1.1384901885991023	0	-2.0719511834554036	0.6681075292420955	-1.1076465623663574	-0.2966057518288827	-0.5261228116764175	-1.139721855104941	-1.6629540700948595	0.38810884585880917	35.4	0
282.0	-1.3358482241493825	0.36281817695068563	-1.1384901885991023	1	-2.0719511834554036	1.0053390541983842	-0.6648098892945107	-0.2966314631878446	-0.5261228116764175	-1.139721855104941	-1.6629540700948595	0.2225511757142286	46.0	0
283.0	-1.3358482241493825	3.349321517800957	-1.4472839575043752	1	-0.2787995522440163	1.1438181737520745	-1.5469405420536297	4.312433855685835	-0.9831032869184233	-1.2459840565701368	-2.2681766158967256	0.4240379180735627	50.0	0
284.0	-1.3358482241493825	3.349321517800957	-1.1909268663377335	0	-2.0721432314929467	0.727882688761674	-1.6886482774366205	-0.2949889149692842	-0.9831032869184233	-0.7323834161550232	-1.4767317483096698	0.4153013655593373	32.2	0
285.0	-1.3358482241493825	1.8560698473758215	-1.2958002218149962	0	-0.33251928302531225	0.4115724696372375	-1.2954093117488206	-0.2949889149692842	-0.9831032869184233	-0.6438315816006933	-1.4767317483096698	0.4153013655593373	22.0	0
286.0	-1.3358482241493825	2.9226781833937756	-1.3671723665148	0	-0.35042585995241093	-2.799733406496374	-1.3095800852871198	-0.29359211403836266	-0.9831032869184233	-0.9921354641810576	-0.1266199153670469	-0.16480572138526067	20.1	0
287.0	-1.3358482241493825	1.749409013774026	-0.8486318866550017	0	-0.26089297531691763	0.2900296452807611	-1.3166654720562692	-0.2949811545286219	-0.4118776928659161	-0.6851557710593806	-0.8715092025078037	0.43910847116060225	23.2	0
288.0	-1.3358482241493825	1.749409013774026	-0.8486318866550017	0	-0.26089297531691763	0.34283103618972216	-0.8100603180620765	-0.2949811545286219	-0.4118776928659161	-0.6851557710593806	-0.8715092025078037	0.43910847116060225	22.3	0
289.0	-1.3358482241493825	1.749409013774026	-0.8486318866550017	0	-0.26089297531691763	0.4673626185221775	-1.6142517163605503	-0.2949811545286219	-0.4118776928659161	-0.6851557710593806	-0.8715092025078037	0.16412548077534345	24.8	0
290.0	-1.3358482241493825	2.9226781833937756	-0.9025251387752615	0	-0.2340331099262696	0.6148080120038045	-1.4371170471318118	-0.2967060888394658	-0.640367930486919	-0.9685216416332363	0.3389358890959267	0.43910847116060225	28.5	0
291.0	-1.3358482241493825	2.9226781833937756	-0.9025251387752615	0	-0.2340331099262696	0.7577702685214633	-1.444202433900961	-0.2967060888394658	-0.640367930486919	-0.9685216416332363	0.3389358890959267	0.43910847116060225	37.3	0
292.0	-1.3358482241493825	2.9226781833937756	-0.9025251387752615	0	-0.2340331099262696	-2.799534155964642	-1.5965382494376763	-0.2967060888394658	-0.640367930486919	-0.9685216416332363	0.3389358890959267	0.43910847116060225	27.9	0
293.0	-0.44587724437562837	-0.49046849186367764	0.4040220815456344	0	-0.11764035990012835	0.2491832862757158	-1.7736729186664153	-0.2964035100419263	-0.640367930486919	-0.7087695936072019	-1.1508426851855886	0.43910847116060225	23.9	1
294.0	-1.3358482241493825	-0.49046849186367764	0.4040220815456344	0	-0.11764035990012835	0.19040437941479688	-0.9269691997530441	-0.2964035100419263	-0.640367930486919	-0.7087695936072019	-1.1508426851855886	0.43910847116060225	21.7	0
295.0	-0.44587724437562837	-0.49046849186367764	0.4040220815456344	0	-0.11764035990012835	0.5236508937364472	-1.3237508588254188	-0.2960447268408023	-0.640367930486919	-0.7087695936072019	-1.280255252169885e-15	0.43910847116060225	28.6	1
296.0	-1.3358482241493825	-0.49046849186367764	0.4040220815456344	0	-0.11764035990012835	0.4593925972529003	-0.6187548752950387	-0.2960447268408023	-0.640367930486919	-0.7087695936072019	-1.1508426851855886	0.39487967405733426	27.1	0
297.0	-0.44587724437562837	-0.49046849186367764	0.4040220815456344	0	-0.11764035990012835	-2.7999525820812794	-0.3707663383748045	-0.29576284255169555	-0.640367930486919	-0.7087695936072019	-1.1508426851855886	0.43910847116060225	20.3	1
298.0	-1.3358482241493825	2.496034848986594	-1.2972567961966248	0	-2.0721432314929467	0.3577748260696168	-1.7134471311286439	-0.29458090392234293	-0.5261228116764175	-0.30143115465728426	-1.7095096505411567	0.12612147733846074	22.5	0
299.0	-1.3358482241493825	2.496034848986594	-1.2972567961966248	0	-2.0721432314929467	0.7044707512831724	-2.0712591629706965	-0.29458090392234293	-0.5261228116764175	-0.30143115465728426	-1.7095096505411567	0.16259658408535346	29.0	0
300.0	-1.3358482241493825	2.496034848986594	-1.2972567961966248	0	-2.0721432314929467	0.6197892752971028	-0.7462918371397306	-0.29458090392234293	-0.5261228116764175	-0.30143115465728426	-1.7095096505411567	0.3731474996781973	24.8	0
301.0	-1.3358482241493825	0.9601188451207399	-0.7364756592695959	0	-0.13554693682722702	-2.799554081017815	-0.9942803740599648	-0.29641213275377326	-0.29763257405541466	-0.4726313681289888	-1.1042871047392906	0.4265496769214028	22.0	0
302.0	-0.44587724437562837	0.9601188451207399	-0.7364756592695959	0	-0.13554693682722702	0.43249377546909	-1.7736729186664153	-0.29641213275377326	-0.29763257405541466	-0.4726313681289888	-1.1042871047392906	0.2939724925180253	26.4	1
303.0	-0.44587724437562837	0.9601188451207399	-0.7364756592695959	0	-0.13554693682722702	0.6750812978527129	-1.7984717723584385	-0.29641213275377326	-0.29763257405541466	-0.4726313681289888	-1.1042871047392906	0.36845160270180083	33.1	1
304.0	-1.3358482241493825	0.9174545116800218	-1.305996242486397	0	0.03904218821198488	0.8016053855024875	-0.9694815203679413	2.8520600219652517	-0.29763257405541466	-1.104301121283209	-0.03350875447445251	0.4039438472908434	36.1	0
305.0	-1.3358482241493825	0.9174545116800218	-1.305996242486397	0	0.03904218821198488	0.49276706131799836	-0.3672236449902297	-0.29807529709247693	-0.29763257405541466	-1.104301121283209	-0.03350875447445251	0.40044922628515317	28.4	0
306.0	-1.3358482241493825	0.9174545116800218	-1.305996242486397	0	0.03904218821198488	-2.7991406361644713	0.12166804208108929	-0.29828757258049166	-0.29763257405541466	-1.104301121283209	-0.03350875447445251	0.43910847116060225	33.4	0
307.0	-1.3358482241493825	0.9174545116800218	-1.305996242486397	0	0.03904218821198488	0.6088304960518467	0.0649849479278926	-0.2982221183587441	-0.29763257405541466	-1.104301121283209	-0.03350875447445251	0.43910847116060225	28.2	0
308.0	0.4440937353981259	-0.49046849186367764	-0.18152081986908142	0	0.3613605728997607	0.502231461575265	0.49719354084601514	-0.29811645094447387	-0.640367930486919	-0.620217759052872	-0.03350875447445251	0.43910847116060225	22.8	2
309.0	0.4440937353981259	-0.49046849186367764	-0.18152081986908142	0	0.3613605728997607	0.17197370522959352	0.29171732454067834	-0.29828498576693757	-0.640367930486919	-0.620217759052872	-0.03350875447445251	0.43190081533636626	20.3	2
310.0	0.4440937353981259	-0.49046849186367764	-0.18152081986908142	0	0.3613605728997607	-0.3256544977708979	-1.086390402058909	-0.29874206788311714	-0.640367930486919	-0.620217759052872	-0.03350875447445251	-0.06815760919663733	16.1	2
311.0	0.4440937353981259	-0.49046849186367764	-0.18152081986908142	0	0.3613605728997607	0.24669265462906667	-0.5549863943726928	-0.29864729644108984	-0.640367930486919	-0.620217759052872	-0.03350875447445251	0.43910847116060225	22.1	2
312.0	0.4440937353981259	-0.49046849186367764	-0.18152081986908142	0	0.3613605728997607	0.1973781480254144	0.7770663182274226	1.9208071424912565	-0.640367930486919	-0.620217759052872	-0.03350875447445251	0.4325560567749332	19.4	2
313.0	0.4440937353981259	-0.49046849186367764	-0.18152081986908142	0	0.3613605728997607	0.31842284605256094	0.5078216209997394	-0.2981593293388402	-0.640367930486919	-0.620217759052872	-0.03350875447445251	0.4007768470044364	21.6	2
314.0	0.4440937353981259	-0.49046849186367764	-0.18152081986908142	0	0.3613605728997607	0.4683588711808371	0.6672428233056042	-0.29789320109592654	-0.640367930486919	-0.620217759052872	-0.03350875447445251	0.42589443548283584	23.8	2
315.0	0.4440937353981259	-0.49046849186367764	-0.18152081986908142	0	7.823782096593743e-17	0.03897397529853123	0.3271442583864261	2.791701039036382	-0.640367930486919	-0.620217759052872	-0.03350875447445251	0.4338665396520671	16.2	2
316.0	0.4440937353981259	-0.49046849186367764	-0.18152081986908142	0	0.3613605728997607	0.14308237812846386	0.5219923945380387	-0.29758254830456665	-0.640367930486919	-0.620217759052872	-0.03350875447445251	0.37140018917535184	17.8	2
317.0	-0.44587724437562837	-0.49046849186367764	-0.18152081986908142	0	0.3613605728997607	0.07732970265692747	0.11458265531193965	-0.29755660178073623	-0.640367930486919	-0.620217759052872	-0.03350875447445251	0.43910847116060225	19.8	1
318.0	0.4440937353981259	-0.49046849186367764	-0.18152081986908142	0	0.3613605728997607	0.3762055002548202	-0.0448385469939252	-0.2979479161220101	-0.640367930486919	-0.620217759052872	-0.03350875447445251	0.42065250397430015	23.1	2
319.0	0.4440937353981259	-0.49046849186367764	-0.18152081986908142	0	0.3613605728997607	0.2422095176650983	-0.3424247912982064	-0.2975799614910126	-0.640367930486919	-0.620217759052872	-0.03350875447445251	0.4317916084299386	21.0	2
320.0	-0.44587724437562837	-0.49046849186367764	-0.5485775640395005	0	0.13305171707925284	0.3981230587453323	-0.5726998612955667	-0.2971578405519581	-0.5261228116764175	-0.7205765048811126	0.5251582108811171	0.43910847116060225	23.8	1
321.0	-0.44587724437562837	-0.49046849186367764	-0.5485775640395005	0	0.13305171707925284	0.3732167422788413	-0.5018459936040713	-0.2971578405519581	-0.5261228116764175	-0.7205765048811126	0.5251582108811171	0.43910847116060225	23.1	1
322.0	0.4440937353981259	-0.49046849186367764	-0.5485775640395005	0	0.13305171707925284	0.20634442195335115	-0.6577245025253613	-0.297016192912799	-0.5261228116764175	-0.7205765048811126	0.5251582108811171	0.43910847116060225	20.4	2
323.0	0.4440937353981259	-0.49046849186367764	-0.5485775640395005	0	0.13305171707925284	0.040468354286520694	0.20669268331088358	-0.297016192912799	-0.5261228116764175	-0.7205765048811126	0.5251582108811171	0.37609608615174833	18.5	2
324.0	0.4440937353981259	-0.49046849186367764	-0.5485775640395005	0	0.13305171707925284	0.39264366912270426	-1.004908454213689	-0.297016192912799	-0.5261228116764175	-0.7205765048811126	0.5251582108811171	0.43910847116060225	25.0	2
325.0	-0.44587724437562837	-0.49046849186367764	-0.5485775640395005	0	0.13305171707925284	0.4006136903919814	-1.9047525738956816	-0.29647155107722784	-0.5261228116764175	-0.7205765048811126	0.5251582108811171	0.4039438472908434	24.6	1
326.0	0.4440937353981259	-0.49046849186367764	-0.5485775640395005	0	0.13305171707925284	0.3413366572017327	-1.401690113286064	-0.29647155107722784	-0.5261228116764175	-0.7205765048811126	0.5251582108811171	0.43910847116060225	23.0	2
327.0	-0.44587724437562837	-0.49046849186367764	-0.5485775640395005	0	0.13305171707925284	0.22726572778520365	-0.8773714923689971	-0.29647155107722784	-0.5261228116764175	-0.7205765048811126	0.5251582108811171	0.43910847116060225	22.2	1
328.0	-1.3358482241493825	-0.49046849186367764	-1.15159935803376	0	-2.07187463283904	0.1201685669792921	-1.511513608207882	-0.29662934670402763	-0.640367930486919	0.12361765120349938	-0.7318424611689129	0.28119528446596986	19.3	0
329.0	-1.3358482241493825	-0.49046849186367764	-1.15159935803376	0	-2.07187463283904	0.35179731011765897	-1.8161852392813123	-0.29662934670402763	-0.640367930486919	0.12361765120349938	-0.7318424611689129	0.2022386911186533	22.6	0
330.0	-1.3358482241493825	-0.49046849186367764	-1.15159935803376	0	-2.07187463283904	0.2576514338743227	-1.2847812315950962	-0.2961127678761039	-0.640367930486919	0.12361765120349938	-0.7318424611689129	0.1297253052505787	19.8	0
331.0	-1.3358482241493825	1.0027831785614578	-0.740845382414482	0	-2.071973566676562	0.03947210162786105	-1.4194035802089378	-0.2955114513072113	-0.9831032869184233	-0.620217759052872	-0.7318424611689129	0.4076568821093892	17.1	0
332.0	-1.3358482241493825	1.0027831785614578	-0.740845382414482	0	-2.071973566676562	0.20136315866005297	-1.6000809428222513	-0.2955114513072113	-0.9831032869184233	-0.620217759052872	-0.7318424611689129	0.06070654038819442	19.4	0
333.0	-1.3358482241493825	-0.49046849186367764	-0.8675673536161741	0	0.23153789017829543	0.343329162519052	-1.0757623219051846	-0.2956543531590026	-0.5261228116764175	-1.0924942100092985	0.8044916935589003	0.36058870543899724	22.2	0
334.0	-1.3358482241493825	-0.49046849186367764	-0.8675673536161741	0	0.23153789017829543	-2.7996935563900274	-1.0615915483668854	-0.2956543531590026	-0.5261228116764175	-1.0924942100092985	0.8044916935589003	0.35720329133973466	20.7	0
335.0	-1.3358482241493825	-0.49046849186367764	-0.8675673536161741	0	0.23153789017829543	0.2043519166360319	-1.2032992837498764	-0.2960252081567123	-0.5261228116764175	-1.0924942100092985	0.8044916935589003	0.43910847116060225	21.1	0
336.0	-1.3358482241493825	-0.49046849186367764	-0.8675673536161741	0	0.23153789017829543	0.12066669330862191	-0.7852614643700532	-0.29661641263625715	-0.5261228116764175	-1.0924942100092985	0.8044916935589003	0.43910847116060225	19.5	0
337.0	-1.3358482241493825	-0.49046849186367764	-0.8675673536161741	0	0.23153789017829543	0.13361797787119728	-0.31408324422160805	4.1007854739872	-0.5261228116764175	-1.0924942100092985	0.8044916935589003	0.4162842277171875	18.5	0
338.0	-1.3358482241493825	-0.49046849186367764	-0.8675673536161741	0	0.23153789017829543	0.21531069588128793	-1.1041038689817828	-0.2969447811810481	-0.5261228116764175	-1.0924942100092985	0.8044916935589003	0.43080874627208776	20.6	0
339.0	-1.3358482241493825	-0.49046849186367764	-0.8675673536161741	0	0.23153789017829543	0.17844934751088118	-0.8171457048312262	-0.2969447811810481	-0.5261228116764175	-1.0924942100092985	0.8044916935589003	0.43910847116060225	19.0	0
340.0	-1.3358482241493825	-0.49046849186367764	-0.8675673536161741	0	0.23153789017829543	0.1699811999122742	-0.35305287145193065	-0.2969447811810481	-0.5261228116764175	-1.0924942100092985	0.8044916935589003	0.43910847116060225	18.7	0
341.0	-1.3358482241493825	1.0027831785614578	-1.4021301516738873	0	-0.09525713874125502	0.8040960171491366	-0.67898066283281	-0.2952000930212457	-0.9831032869184233	-0.7382868717919786	-1.3836205874170753	0.41551977937219275	32.7	0
342.0	-1.3358482241493825	-0.49046849186367764	-1.3482368995536274	0	0.24496782287361943	-2.7995789873342813	-0.3105405508370333	-0.2958044667334295	-0.9831032869184233	0.07639000610785675	-1.1973982656318858	0.3633188780996929	16.5	0
343.0	-1.3358482241493825	1.8560698473758215	-1.0729443414258133	0	0.09276191899328085	0.532617167664384	-0.42744943252800094	-0.2962236873057719	-0.5261228116764175	-0.23058968701382032	-0.40595339804483005	0.43910847116060225	23.9	0
344.0	-1.3358482241493825	1.8560698473758215	-1.0729443414258133	0	0.09276191899328085	0.6212836542850922	-1.430031660362662	-0.29564886597873635	-0.5261228116764175	-0.23058968701382032	-0.40595339804483005	0.3415867037205565	31.2	0
345.0	-1.3358482241493825	-0.49046849186367764	-0.9840933041464659	0	-0.09525713874125502	0.192895011061446	-0.7073222099094081	-0.29443525848041846	-0.7546130492974205	-0.33685188847901626	0.15271356731073796	0.3161414945228732	17.5	0
346.0	-1.3358482241493825	-0.49046849186367764	-0.9840933041464659	0	7.823782096593743e-17	0.1351123568591867	-0.5726998612955667	-0.29443525848041846	-0.7546130492974205	-0.33685188847901626	0.15271356731073796	0.0864793703051609	17.2	0
347.0	-1.3358482241493825	3.1359998505973663	-1.0190510893055533	0	-0.15345351375432567	0.4429544283850162	-1.444202433900961	-0.29402630677400293	-0.640367930486919	-0.3427553441159716	-0.2662866567059393	0.3902929839873655	23.1	0
348.0	-1.3358482241493825	2.9226781833937756	-1.3307580069740836	0	-0.12659364836367767	0.502231461575265	-1.3733485662094655	6.240001894933776	-0.640367930486919	-0.7619006943397999	-1.280255252169885e-15	0.37402115492961974	24.5	0
349.0	-1.3358482241493825	1.2161048457650487	-1.441457659977861	0	-0.15345351375432567	0.6536618656915306	-1.2032992837498764	-0.2938250056465207	-0.9831032869184233	-0.4372106343072568	0.5717137913274135	0.36211760212898725	26.6	0
350.0	-1.3358482241493825	1.2161048457650487	-1.441457659977861	0	-0.15345351375432567	-2.7996038936507484	-0.8525726386769739	-0.2938250056465207	-0.9831032869184233	-0.4372106343072568	0.5717137913274135	0.43910847116060225	22.9	0
351.0	-1.3358482241493825	2.069391514579412	-1.3773683871862006	0	-0.2340331099262696	0.47433638713279497	-1.1537015763658298	-0.2923213614769862	-0.640367930486919	0.011451994101348135	-0.08006433492074887	0.1538600315711275	24.1	0
352.0	-1.3358482241493825	2.069391514579412	-1.3773683871862006	0	-0.2340331099262696	0.12813858824856925	-1.7701302252818403	-0.2923213614769862	-0.640367930486919	0.011451994101348135	-0.08006433492074887	0.38920091492308706	18.6	0
353.0	-1.3358482241493825	3.349321517800957	-1.329301432592455	0	-2.0720984650506287	0.5485572102029384	-1.1466161895966802	-0.2912112265208321	-0.5261228116764175	-1.3109220685766454	-0.6852868807226149	0.30325507956438996	30.1	0
354.0	-1.3358482241493825	2.9226781833937756	-1.3453237507903701	0	-0.22507982146272026	0.018052669466678738	-1.6496786502062981	-0.29241903328572566	-0.640367930486919	-0.44311408994421214	1.642492141592253	0.28512673309737163	18.2	0
355.0	-0.44587724437562837	2.9226781833937756	-1.3453237507903701	0	-0.22507982146272026	0.15404115737371993	-1.7347032914360925	-0.29241903328572566	-0.640367930486919	-0.44311408994421214	1.642492141592253	0.2113028643521631	20.6	1
356.0	1.3340647151718805	-0.49046849186367764	1.012870173066409	1	-2.07048687312719	0.29152402426875057	1.0250548551476566	-0.29905342616908265	1.6445344457231097	1.516833181524957	0.8044916935589003	0.2297588315384652	17.8	3
357.0	1.3340647151718805	-0.49046849186367764	1.012870173066409	1	-2.07048687312719	0.38268114253610785	0.7983224785348709	-0.2987531990202287	1.6445344457231097	1.516833181524957	0.8044916935589003	0.37838943118673246	21.7	3
358.0	1.3340647151718805	-0.49046849186367764	1.012870173066409	1	-2.07048687312719	0.2491832862757158	0.5290777813071883	-0.29858270449052704	1.6445344457231097	1.516833181524957	0.8044916935589003	0.4230550559157125	22.7	3
359.0	1.3340647151718805	-0.49046849186367764	1.012870173066409	0	-2.07048687312719	0.24171139133576847	0.4546812202311178	-0.2987501418769375	1.6445344457231097	1.516833181524957	0.8044916935589003	0.37183701680106335	22.6	3
360.0	1.3340647151718805	-0.49046849186367764	1.012870173066409	0	-2.07048687312719	0.38417552152409734	0.6920416769976278	-0.2987430085425914	1.6445344457231097	1.516833181524957	0.8044916935589003	0.19514024220084503	25.0	3
361.0	1.3340647151718805	-0.49046849186367764	1.012870173066409	0	-2.07048687312719	0.3109509511126136	0.8018651719194455	-0.29891757926334794	1.6445344457231097	1.516833181524957	0.8044916935589003	-0.06597347106808098	19.9	3
362.0	0.4440937353981259	-0.49046849186367764	1.012870173066409	0	-2.07048687312719	-0.13188335566159745	0.9825425345327593	-0.29906800639093306	1.6445344457231097	1.516833181524957	0.8044916935589003	0.2631761449053792	20.8	2
363.0	1.3340647151718805	-0.49046849186367764	1.012870173066409	1	-2.07048687312719	0.08779035557285371	0.7274686108433756	-0.29922392069878434	1.6445344457231097	1.516833181524957	0.8044916935589003	-0.03987302043183072	16.8	3
364.0	0.4440937353981259	-0.49046849186367764	1.012870173066409	1	1.140296669228552	-2.798463184356583	0.5113643143843145	-0.29922392069878434	1.6445344457231097	1.516833181524957	0.8044916935589003	-0.02338277756122948	21.9	2
365.0	1.3340647151718805	-0.49046849186367764	1.012870173066409	0	1.140296669228552	-1.0290088747846053	0.6884989836130532	-0.29945242256272936	1.6445344457231097	1.516833181524957	0.8044916935589003	-0.02174467396481238	27.5	3
366.0	0.4440937353981259	-0.49046849186367764	1.012870173066409	0	1.140296669228552	-0.33063576106419607	0.8124932520731702	-0.2993433844520098	1.6445344457231097	1.516833181524957	0.8044916935589003	-0.44404778112120563	21.9	2
367.0	1.3340647151718805	-0.49046849186367764	1.012870173066409	0	0.7508286210641565	-0.8785747233269995	1.1171648831466006	-0.2995328489477748	1.6445344457231097	1.516833181524957	0.8044916935589003	-2.4601164806852536	23.1	3
368.0	1.3340647151718805	-0.49046849186367764	1.012870173066409	0	0.7508286210641565	-2.8003610456713295	1.1171648831466006	-0.29967245849140645	1.6445344457231097	1.516833181524957	0.8044916935589003	0.20562410521791585	50.0	3
369.0	1.3340647151718805	-0.49046849186367764	1.012870173066409	1	0.7508286210641565	0.5261415253830963	1.0037986948402078	-0.29965348852534307	1.6445344457231097	1.516833181524957	0.8044916935589003	0.20354917399578726	50.0	3
370.0	1.3340647151718805	-0.49046849186367764	1.012870173066409	1	0.7508286210641565	0.6920175930499268	1.0285975485322314	-0.2997744416560693	1.6445344457231097	1.516833181524957	0.8044916935589003	0.3861431215431083	50.0	3
371.0	1.3340647151718805	-0.49046849186367764	1.012870173066409	0	0.7508286210641565	0.2935165295860699	1.1171648831466006	-0.29980054495647884	1.6445344457231097	1.516833181524957	0.8044916935589003	0.10329723389504529	50.0	3
372.0	1.3340647151718805	-0.49046849186367764	1.012870173066409	1	0.916464457639819	0.12365545128460084	0.7487247711508239	-0.2998315083308385	1.6445344457231097	1.516833181524957	0.8044916935589003	-0.09622378414858787	50.0	3
373.0	1.3340647151718805	-0.49046849186367764	1.012870173066409	0	0.916464457639819	-0.3590289618359959	1.1171648831466006	-0.29979654715371346	1.6445344457231097	1.516833181524957	0.8044916935589003	0.43910847116060225	13.8	3
374.0	1.3340647151718805	-0.49046849186367764	1.012870173066409	0	0.916464457639819	-0.7415899827612986	1.1171648831466006	0.5905578693705746	1.6445344457231097	1.516833181524957	0.8044916935589003	0.43910847116060225	13.8	3
375.0	1.3340647151718805	-0.49046849186367764	1.012870173066409	0	0.929894390335143	0.8399611128608838	1.0427683220705306	-0.2996851573943083	1.6445344457231097	1.516833181524957	0.8044916935589003	0.43910847116060225	15.0	3
376.0	1.3340647151718805	-0.49046849186367764	1.012870173066409	0	0.929894390335143	0.5092052301858825	0.8798044263800906	-0.2996627383435062	1.6445344457231097	1.516833181524957	0.8044916935589003	0.06911547218313663	13.9	3
377.0	1.3340647151718805	-0.49046849186367764	1.012870173066409	0	0.929894390335143	0.5814335479387065	1.0746525625317034	0.7637959892053835	1.6445344457231097	1.516833181524957	0.8044916935589003	0.43910847116060225	13.3	3
378.0	1.3340647151718805	-0.49046849186367764	1.012870173066409	0	0.929894390335143	-2.799658687546974	0.9825425345327593	-0.2996304423682247	1.6445344457231097	1.516833181524957	0.8044916935589003	0.43910847116060225	13.1	3
379.0	1.3340647151718805	-0.49046849186367764	1.012870173066409	0	0.929894390335143	0.29700341389137863	1.1171648831466006	-0.2996304423682247	1.6445344457231097	1.516833181524957	0.8044916935589003	0.40459908872941036	10.2	3
380.0	1.3340647151718805	-0.49046849186367764	1.012870173066409	0	0.929894390335143	0.6681075292420955	0.8302067189960441	-0.29960661232821134	1.6445344457231097	1.516833181524957	0.8044916935589003	0.43910847116060225	10.4	3
381.0	1.3340647151718805	-0.49046849186367764	1.012870173066409	0	0.929894390335143	0.45740009193558107	1.0852806426854276	-0.29952610755487624	1.6445344457231097	1.516833181524957	0.8044916935589003	0.43910847116060225	10.9	3
382.0	1.3340647151718805	-0.49046849186367764	1.012870173066409	0	-2.0708002382234145	-0.04520937435820856	1.1171648831466006	-0.29947813392169126	1.6445344457231097	1.516833181524957	0.8044916935589003	0.43910847116060225	11.3	3
383.0	1.3340647151718805	-0.49046849186367764	1.012870173066409	0	-2.0708002382234145	-2.8000870761901977	1.1171648831466006	-0.2995152115826333	1.6445344457231097	1.516833181524957	0.8044916935589003	0.43910847116060225	12.3	3
384.0	1.3340647151718805	-0.49046849186367764	1.012870173066409	0	-2.0708002382234145	-0.6270209270154398	0.8054078653040206	-0.2995885830216221	1.6445344457231097	1.516833181524957	0.8044916935589003	-0.7738526385332322	8.8	3
385.0	1.3340647151718805	-0.49046849186367764	1.012870173066409	0	-2.0708002382234145	-0.17422409365463226	1.0498537088396798	-0.29959908705241756	1.6445344457231097	1.516833181524957	0.8044916935589003	0.43910847116060225	7.2	3
386.0	1.3340647151718805	-0.49046849186367764	1.012870173066409	0	-2.0708002382234145	-0.4855530494857705	1.1171648831466006	-0.29956686946542566	1.6445344457231097	1.516833181524957	0.8044916935589003	0.43910847116060225	10.5	3
387.0	1.3340647151718805	-0.49046849186367764	1.012870173066409	0	-2.0708002382234145	-2.8003461018814497	0.7451820777662493	-0.29952673466119245	1.6445344457231097	1.516833181524957	0.8044916935589003	0.43910847116060225	7.4	3
388.0	1.3340647151718805	-0.49046849186367764	1.012870173066409	0	-2.0708002382234145	-2.800405877040969	1.1171648831466006	-0.2994710005873451	1.6445344457231097	1.516833181524957	0.8044916935589003	0.17723030954668215	10.2	3
389.0	1.3340647151718805	-0.49046849186367764	1.012870173066409	0	-2.0708002382234145	-2.8001518326130106	1.0781952559162784	-0.2993623544180732	1.6445344457231097	1.516833181524957	0.8044916935589003	0.43910847116060225	11.5	3
390.0	1.3340647151718805	-0.49046849186367764	1.012870173066409	0	-2.0708002382234145	0.042958985933169797	1.0108840816093576	-0.2992068320516694	1.6445344457231097	1.516833181524957	0.8044916935589003	0.4121343652729302	15.1	3
391.0	1.3340647151718805	-0.49046849186367764	1.012870173066409	0	-2.0708002382234145	0.21132568524664935	0.49719354084601514	-0.29901768110906246	1.6445344457231097	1.516833181524957	0.8044916935589003	0.2368572804562735	23.2	3
392.0	1.3340647151718805	-0.49046849186367764	1.012870173066409	0	-2.0708002382234145	-0.2942725390231192	1.0108840816093576	-0.29932950972476513	1.6445344457231097	1.516833181524957	0.8044916935589003	0.43910847116060225	9.7	3
393.0	1.3340647151718805	-0.49046849186367764	1.012870173066409	0	1.0283805634341854	0.282059624011484	0.8550055726880672	-0.29931289140738726	1.6445344457231097	1.516833181524957	0.8044916935589003	0.43910847116060225	13.8	3
394.0	1.3340647151718805	-0.49046849186367764	1.012870173066409	0	1.0283805634341854	0.1296329672365587	0.9294021337641377	-0.2993200247417334	1.6445344457231097	1.516833181524957	0.8044916935589003	0.43910847116060225	12.7	3
395.0	1.3340647151718805	-0.49046849186367764	1.012870173066409	0	1.0283805634341854	0.4205387435651743	1.0746525625317034	-0.2993642357370216	1.6445344457231097	1.516833181524957	0.8044916935589003	0.3853786731981136	13.1	3
396.0	1.3340647151718805	-0.49046849186367764	1.012870173066409	0	1.0283805634341854	0.3876624058294061	0.9754571477636096	-0.2994025676105959	1.6445344457231097	1.516833181524957	0.8044916935589003	0.43910847116060225	12.5	3
397.0	1.3340647151718805	-0.49046849186367764	1.012870173066409	0	1.0283805634341854	0.05989528113038372	1.0781952559162784	-0.29943658812824675	1.6445344457231097	1.516833181524957	0.8044916935589003	0.39760984671802985	8.5	3
398.0	1.3340647151718805	-0.49046849186367764	1.012870173066409	0	1.0283805634341854	-0.08655385969258371	1.1171648831466006	-0.29954931048857364	1.6445344457231097	1.516833181524957	0.8044916935589003	0.43910847116060225	5.0	3
399.0	1.3340647151718805	-0.49046849186367764	1.012870173066409	0	1.0283805634341854	0.11219854571001495	0.33068695177100066	-0.2995408445533057	1.6445344457231097	1.516833181524957	0.8044916935589003	-0.20237289719643192	6.3	3
400.0	1.3340647151718805	-0.49046849186367764	1.012870173066409	0	1.0283805634341854	0.1794456001695408	1.1171648831466006	-0.29947154930537173	1.6445344457231097	1.516833181524957	0.8044916935589003	0.43910847116060225	5.6	3
401.0	1.3340647151718805	-0.49046849186367764	1.012870173066409	0	1.0283805634341854	0.35677857341095714	1.1171648831466006	-0.2994830723839309	1.6445344457231097	1.516833181524957	0.8044916935589003	0.43910847116060225	7.2	3
402.0	1.3340647151718805	-0.49046849186367764	1.012870173066409	0	1.0283805634341854	0.38716427950007626	1.1171648831466006	0.9840670827510002	1.6445344457231097	1.516833181524957	0.8044916935589003	0.21206731269715778	12.1	3
403.0	1.3340647151718805	-0.49046849186367764	1.012870173066409	0	1.0283805634341854	-0.13835899794288511	0.9754571477636096	-0.2993821866553212	1.6445344457231097	1.516833181524957	0.8044916935589003	0.43910847116060225	8.3	3
404.0	1.3340647151718805	-0.49046849186367764	1.012870173066409	0	1.0283805634341854	-0.04770000600485766	0.5999316489986838	-0.29945696908352143	1.6445344457231097	1.516833181524957	0.8044916935589003	-0.2973829057886388	8.5	3
405.0	1.3340647151718805	-0.49046849186367764	1.012870173066409	0	1.0283805634341854	0.02801519605327516	1.1171648831466006	-0.2995996357704442	1.6445344457231097	1.516833181524957	0.8044916935589003	0.3088246317922095	5.0	3
406.0	1.3340647151718805	-0.49046849186367764	1.012870173066409	0	0.8761746595538471	-0.7415899827612986	1.1171648831466006	-0.29979349001042227	1.6445344457231097	1.516833181524957	0.8044916935589003	0.14774444481116994	11.9	3
407.0	1.3340647151718805	-0.49046849186367764	1.012870173066409	0	0.8761746595538471	-0.00934427864646143	1.1171648831466006	-0.29970953615234847	1.6445344457231097	1.516833181524957	0.8044916935589003	-0.2686614893981213	27.9	3
408.0	1.3340647151718805	-0.49046849186367764	1.012870173066409	0	0.5986227171838179	-0.004861141682493037	1.0427683220705306	-0.2995766680016154	1.6445344457231097	1.516833181524957	0.8044916935589003	-0.459227541114673	17.2	3
409.0	1.3340647151718805	-0.49046849186367764	1.012870173066409	0	0.5986227171838179	0.6103248750398361	1.1171648831466006	-0.2995682020663475	1.6445344457231097	1.516833181524957	0.8044916935589003	-1.9365785712702677	27.5	3
410.0	1.3340647151718805	-0.49046849186367764	1.012870173066409	0	0.5986227171838179	0.06487654442368194	1.1171648831466006	0.8069095484402907	1.6445344457231097	1.516833181524957	0.8044916935589003	-3.866919849288474	15.0	3
411.0	1.3340647151718805	-0.49046849186367764	1.012870173066409	0	0.5986227171838179	0.513190240820521	1.1171648831466006	-0.29951960132684635	1.6445344457231097	1.516833181524957	0.8044916935589003	-3.512543437930187	17.2	3
412.0	1.3340647151718805	-0.49046849186367764	1.012870173066409	0	0.5986227171838179	-0.4975080813896862	1.1171648831466006	-0.2994989068184135	1.6445344457231097	1.516833181524957	0.8044916935589003	-3.5809069613540045	17.9	3
413.0	1.3340647151718805	-0.49046849186367764	1.012870173066409	0	0.5986227171838179	-0.23499550583287043	1.1171648831466006	-0.29947107897563463	1.6445344457231097	1.516833181524957	0.8044916935589003	-1.591375540051918	16.3	3
414.0	1.3340647151718805	-0.49046849186367764	1.012870173066409	0	1.0283805634341854	-0.5518038512866367	1.1171648831466006	-0.2994171478324462	1.6445344457231097	1.516833181524957	0.8044916935589003	-2.931344281921312	7.0	3
415.0	1.3340647151718805	-0.49046849186367764	1.012870173066409	0	0.9657075441893404	0.4021080693799709	1.1171648831466006	-0.29927879250144696	1.6445344457231097	1.516833181524957	0.8044916935589003	-3.5977248249438896	7.2	3
416.0	1.3340647151718805	-0.49046849186367764	1.012870173066409	0	0.9657075441893404	0.5754560319867487	0.7912370917657213	-0.2992907075214537	1.6445344457231097	1.516833181524957	0.8044916935589003	-3.6597543477948933	7.5	3
417.0	1.3340647151718805	-0.49046849186367764	1.012870173066409	0	0.9657075441893404	-0.16077468276272708	0.73101130422795	-0.29942553537942473	1.6445344457231097	1.516833181524957	0.8044916935589003	-2.5044544846949495	10.4	3
418.0	1.3340647151718805	-0.49046849186367764	1.012870173066409	0	0.9657075441893404	0.16450181028964617	1.1171648831466006	-0.2993039551423823	1.6445344457231097	1.516833181524957	0.8044916935589003	-3.7156682838859387	8.8	3
419.0	1.3340647151718805	-0.49046849186367764	1.012870173066409	0	1.140296669228552	0.5963773378186011	0.28463193777152873	1.1055689315039205	1.6445344457231097	1.516833181524957	0.8044916935589003	-3.3662061833169044	8.4	3
420.0	1.3340647151718805	-0.49046849186367764	1.012870173066409	0	1.140296669228552	0.390651163805385	1.1171648831466006	-0.29925982253538363	1.6445344457231097	1.516833181524957	0.8044916935589003	-0.41434350257283736	16.7	3
421.0	1.3340647151718805	-0.49046849186367764	1.012870173066409	0	1.140296669228552	0.18891000042680742	0.9506582940715862	-0.2992475155739293	1.6445344457231097	1.516833181524957	0.8044916935589003	-0.4009110530822149	14.2	3
422.0	1.3340647151718805	-0.49046849186367764	1.012870173066409	0	0.6747256691239872	0.010580774526731418	0.6778709034593284	-0.2991874701441585	1.6445344457231097	1.516833181524957	0.8044916935589003	-0.7113862880565168	20.8	3
423.0	1.3340647151718805	-0.49046849186367764	1.012870173066409	0	0.6747256691239872	0.23722825437180006	0.589303568844959	-0.29913212801175876	1.6445344457231097	1.516833181524957	0.8044916935589003	-3.8677935045398972	13.4	3
424.0	1.3340647151718805	-0.49046849186367764	1.012870173066409	0	0.5404263421707473	-0.03076371080764374	0.07561302808161682	-0.29909944009502976	1.6445344457231097	1.516833181524957	0.8044916935589003	-3.855453124113553	11.7	3
425.0	1.3340647151718805	-0.49046849186367764	1.012870173066409	0	0.9657075441893404	0.1341161042005271	0.9542009874561612	-0.29922007967259795	1.6445344457231097	1.516833181524957	0.8044916935589003	-3.8114427408231397	8.3	3
426.0	1.3340647151718805	-0.49046849186367764	1.012870173066409	0	0.5404263421707473	0.10472665077006764	-0.3105405508370333	-0.29915109797782213	1.6445344457231097	1.516833181524957	0.8044916935589003	-3.6261186206151237	10.2	3
427.0	1.3340647151718805	-0.49046849186367764	1.012870173066409	0	0.9657075441893404	0.2865427609754524	0.3625711922321738	-0.29925668700380287	1.6445344457231097	1.516833181524957	0.8044916935589003	-3.689786247062545	10.9	3
428.0	1.3340647151718805	-0.49046849186367764	1.012870173066409	0	0.9657075441893404	0.282059624011484	0.34131503192472484	-0.29919969871732327	1.6445344457231097	1.516833181524957	0.8044916935589003	-2.8389552390833726	11.0	3
429.0	1.3340647151718805	-0.49046849186367764	1.012870173066409	0	0.9657075441893404	-2.799658687546974	0.9612863742253104	-0.29917414413494037	1.6445344457231097	1.516833181524957	0.8044916935589003	-3.2322093091299644	9.5	3
430.0	1.3340647151718805	-0.49046849186367764	1.012870173066409	0	0.5404263421707473	0.3592692050576063	0.6247305026907068	-0.2991079060302977	1.6445344457231097	1.516833181524957	0.8044916935589003	-2.9839820108195223	14.5	3
431.0	1.3340647151718805	-0.49046849186367764	1.012870173066409	0	0.5404263421707473	0.6008604747825695	0.9152313602258384	-0.2990800781875188	1.6445344457231097	1.516833181524957	0.8044916935589003	-3.007133874982221	14.1	3
432.0	1.3340647151718805	-0.49046849186367764	1.012870173066409	0	0.5404263421707473	0.39762493241600255	0.22440615023375743	-0.29899212652667956	1.6445344457231097	1.516833181524957	0.8044916935589003	-2.8256319964991783	16.1	3
433.0	1.3340647151718805	-0.49046849186367764	1.012870173066409	0	1.1179134480696789	0.40310432203863056	0.6884989836130532	-0.2989016664405758	1.6445344457231097	1.516833181524957	0.8044916935589003	-2.8011696494593457	14.3	3
434.0	1.3340647151718805	-0.49046849186367764	1.012870173066409	0	1.1179134480696789	0.28953151895143125	0.940030213917862	-0.29897503787956464	1.6445344457231097	1.516833181524957	0.8044916935589003	-2.7963645455765214	11.7	3
435.0	1.3340647151718805	-0.49046849186367764	1.012870173066409	0	-2.070621172454143	0.4992427035992861	0.9258594403795626	-0.2990514664618447	1.6445344457231097	1.516833181524957	0.8044916935589003	-2.6956757778500684	13.4	3
436.0	1.3340647151718805	-0.49046849186367764	1.012870173066409	0	-2.070621172454143	0.4155574802718761	0.8798044263800906	-0.2991471785633462	1.6445344457231097	1.516833181524957	0.8044916935589003	-3.5951038591896216	9.6	3
437.0	1.3340647151718805	-0.49046849186367764	1.012870173066409	0	-2.070621172454143	0.26163644450896134	1.1171648831466006	-0.2992164738112802	1.6445344457231097	1.516833181524957	0.8044916935589003	-3.793532808168977	8.7	3
438.0	1.3340647151718805	-0.49046849186367764	1.012870173066409	0	-2.070621172454143	0.15354303104439013	0.6884989836130532	-0.29928984525026897	1.6445344457231097	1.516833181524957	0.8044916935589003	-3.1423320251398663	8.4	3
439.0	1.3340647151718805	-0.49046849186367764	1.012870173066409	0	-2.070621172454143	0.0001201216108051744	0.9010605866875396	-0.29929251045211264	1.6445344457231097	1.516833181524957	0.8044916935589003	0.43910847116060225	12.8	3
440.0	1.3340647151718805	-0.49046849186367764	1.012870173066409	0	-2.070621172454143	0.09526225051280103	0.847920185918918	-0.2992541001902488	1.6445344457231097	1.516833181524957	0.8044916935589003	0.3795907071574386	10.5	3
441.0	1.3340647151718805	-0.49046849186367764	1.012870173066409	0	-2.070621172454143	0.3881605321587359	1.017969468378507	-0.29909818588239745	1.6445344457231097	1.516833181524957	0.8044916935589003	0.31963611552856347	17.1	3
442.0	1.3340647151718805	-0.49046849186367764	1.012870173066409	0	-2.070621172454143	0.29501090857405937	1.1171648831466006	-0.2991454540209768	1.6445344457231097	1.516833181524957	0.8044916935589003	0.42589443548283584	18.4	3
443.0	1.3340647151718805	-0.49046849186367764	1.012870173066409	0	-2.070621172454143	0.4275125121757918	1.1171648831466006	-0.2991661485294096	1.6445344457231097	1.516833181524957	0.8044916935589003	0.3280450473235063	15.4	3
444.0	1.3340647151718805	-0.49046849186367764	1.012870173066409	0	-2.070621172454143	0.11319479836867459	0.9967133080710582	-0.2992310540331305	1.6445344457231097	1.516833181524957	0.8044916935589003	-1.2686691315576997	10.8	3
445.0	0.4440937353981259	-0.49046849186367764	1.012870173066409	0	-2.070621172454143	0.41456122761321645	0.9329448271487123	-0.29915870164190533	1.6445344457231097	1.516833181524957	0.8044916935589003	-3.425068705881501	11.8	2
446.0	1.3340647151718805	-0.49046849186367764	1.012870173066409	0	-2.070621172454143	0.35578232075229754	0.989627921301909	1.3234883763639969	1.6445344457231097	1.516833181524957	0.8044916935589003	-0.42242481364849643	14.9	3
447.0	1.3340647151718805	-0.49046849186367764	1.012870173066409	0	-2.070621172454143	0.3109509511126136	0.9967133080710582	1.4222576211566933	1.6445344457231097	1.516833181524957	0.8044916935589003	0.3475930835740863	12.6	3
448.0	1.3340647151718805	-0.49046849186367764	1.012870173066409	0	1.1179134480696789	0.2780746133768454	1.0711098691471286	-0.2989441528934946	1.6445344457231097	1.516833181524957	0.8044916935589003	0.43910847116060225	14.1	3
449.0	1.3340647151718805	-0.49046849186367764	1.012870173066409	0	1.1179134480696789	0.3936399217813639	1.0569390956088294	1.4120671435193515	1.6445344457231097	1.516833181524957	0.8044916935589003	-0.5731303445188929	13.0	3
450.0	1.3340647151718805	-0.49046849186367764	1.012870173066409	0	1.1179134480696789	0.5590178631188646	0.8550055726880672	-0.2988955521539934	1.6445344457231097	1.516833181524957	0.8044916935589003	-3.8918190239540182	13.4	3
451.0	1.3340647151718805	-0.49046849186367764	1.012870173066409	0	1.1179134480696789	0.5121939881618613	1.0533964022242548	-0.2988707814545057	1.6445344457231097	1.516833181524957	0.8044916935589003	-0.015301466485570452	15.2	3
452.0	1.3340647151718805	-0.49046849186367764	1.012870173066409	0	1.1179134480696789	0.3338647622617854	0.8266640256114691	-0.29886059097686835	1.6445344457231097	1.516833181524957	0.8044916935589003	0.3101351146693428	16.1	3
453.0	1.3340647151718805	-0.49046849186367764	1.012870173066409	0	1.1179134480696789	0.8798112192072693	1.0923660294545772	-0.2987943528722256	1.6445344457231097	1.516833181524957	0.8044916935589003	0.20944634694288994	17.8	3
454.0	1.3340647151718805	-0.49046849186367764	1.012870173066409	0	1.1179134480696789	0.5485572102029384	0.9081459734566887	-0.2987603323545748	1.6445344457231097	1.516833181524957	0.8044916935589003	-3.8223634314659223	14.9	3
455.0	1.3340647151718805	-0.49046849186367764	1.012870173066409	0	1.1179134480696789	0.44743756534898466	0.638901276229006	-0.2988076004931542	1.6445344457231097	1.516833181524957	0.8044916935589003	-3.3392320774292314	14.1	3
456.0	1.3340647151718805	-0.49046849186367764	1.012870173066409	0	1.1179134480696789	0.17396621054691278	0.6884989836130532	-0.2986940942499321	1.6445344457231097	1.516833181524957	0.8044916935589003	-3.7808648070233493	12.7	3
457.0	1.3340647151718805	-0.49046849186367764	1.012870173066409	0	1.1179134480696789	0.15404115737371993	0.41925428638537005	-0.29853841510694934	1.6445344457231097	1.516833181524957	0.8044916935589003	-3.85709122770997	13.5	3
458.0	1.3340647151718805	-0.49046849186367764	1.012870173066409	0	1.1179134480696789	0.33585726757910467	0.5397058614609126	-0.2985353579636581	1.6445344457231097	1.516833181524957	0.8044916935589003	-0.9225924450879277	14.9	3
459.0	1.3340647151718805	-0.49046849186367764	1.012870173066409	0	1.1179134480696789	0.22626947512654402	0.5645047151529361	-0.29858678068158195	1.6445344457231097	1.516833181524957	0.8044916935589003	0.43910847116060225	20.0	3
460.0	1.3340647151718805	-0.49046849186367764	1.012870173066409	0	1.1179134480696789	0.5351077993110331	0.7628955446891232	-0.2986808466290035	1.6445344457231097	1.516833181524957	0.8044916935589003	-1.1080257722023716	16.4	3
461.0	0.4440937353981259	-0.49046849186367764	1.012870173066409	0	1.1179134480696789	0.3732167422788413	0.706212450535927	-0.29870467666901707	1.6445344457231097	1.516833181524957	0.8044916935589003	0.37937229334458317	17.7	2
462.0	1.3340647151718805	-0.49046849186367764	1.012870173066409	0	1.1179134480696789	0.3438272888483818	0.514907007768889	-0.2985735330606534	1.6445344457231097	1.516833181524957	0.8044916935589003	0.43910847116060225	19.5	3
463.0	1.3340647151718805	-0.49046849186367764	1.012870173066409	0	1.1179134480696789	0.4414600493970268	0.7593528513045487	-0.29852085613009727	1.6445344457231097	1.516833181524957	0.8044916935589003	0.4054727439808328	20.2	3
464.0	1.3340647151718805	-0.49046849186367764	1.012870173066409	0	0.8582680826267484	0.2900296452807611	-0.10860702791627104	-0.2983940238776572	1.6445344457231097	1.516833181524957	0.8044916935589003	0.43910847116060225	21.4	3
465.0	0.4440937353981259	-0.49046849186367764	1.012870173066409	0	0.8582680826267484	0.06587279708234157	-0.7179502900631323	-0.2983132055511641	1.6445344457231097	1.516833181524957	0.8044916935589003	-0.24343469401329404	19.9	2
466.0	1.3340647151718805	-0.49046849186367764	1.012870173066409	0	0.8582680826267484	0.16201117864299708	0.5751327953066604	-0.2984660627157242	1.6445344457231097	1.516833181524957	0.8044916935589003	-3.6549492439120694	19.0	3
467.0	1.3340647151718805	-0.49046849186367764	1.012870173066409	0	0.5404263421707473	0.18741562143881796	0.9223167469949881	-0.2987256847306079	1.6445344457231097	1.516833181524957	0.8044916935589003	-0.2773980419123466	19.1	3
468.0	1.3340647151718805	-0.49046849186367764	1.012870173066409	0	-2.0713374355312273	0.14905989408042172	0.08978380161991613	-0.29843713743689204	1.6445344457231097	1.516833181524957	0.8044916935589003	0.13158182265985188	19.1	3
469.0	1.3340647151718805	-0.49046849186367764	1.012870173066409	0	-2.0713374355312273	0.042958985933169797	-0.4168213523742765	-0.29850353231811383	1.6445344457231097	1.516833181524957	0.8044916935589003	0.43910847116060225	20.1	3
470.0	1.3340647151718805	-0.49046849186367764	1.012870173066409	0	-2.0713374355312273	0.26910833944890866	0.5503339416146368	-0.29833915207499456	1.6445344457231097	1.516833181524957	0.8044916935589003	0.43910847116060225	19.9	3
471.0	1.3340647151718805	-0.49046849186367764	1.012870173066409	0	0.3076408421184647	0.29999217186735755	0.7876943983811467	-0.29828749419220213	1.6445344457231097	1.516833181524957	0.8044916935589003	0.4219629868514341	19.6	3
472.0	0.4440937353981259	-0.49046849186367764	1.012870173066409	0	-2.0713374355312273	0.4036024483679604	0.2314915370029071	-0.29844646564334465	1.6445344457231097	1.516833181524957	0.8044916935589003	0.4005584331915809	23.2	2
473.0	1.3340647151718805	-0.49046849186367764	1.012870173066409	0	0.6747256691239872	-2.799359811749377	-0.030667773455626404	-0.2987314854640322	1.6445344457231097	1.516833181524957	0.8044916935589003	0.19645072507797898	29.8	3
474.0	1.3340647151718805	-0.49046849186367764	1.012870173066409	0	0.5404263421707473	-0.09950514425515906	0.9542009874561612	-0.29881230379052526	1.6445344457231097	1.516833181524957	0.8044916935589003	-0.04489653812751099	13.8	3
475.0	1.3340647151718805	-0.49046849186367764	1.012870173066409	0	0.5404263421707473	0.2666177078022595	1.0250548551476566	1.4285286843181344	1.6445344457231097	1.516833181524957	0.8044916935589003	-0.5889653459509271	13.3	3
476.0	1.3340647151718805	-0.49046849186367764	1.012870173066409	0	0.6747256691239872	0.42701438584646195	0.890432506533815	-0.29890989721097516	1.6445344457231097	1.516833181524957	0.8044916935589003	0.4315731946170825	16.7	3
477.0	1.3340647151718805	-0.49046849186367764	1.012870173066409	0	0.6747256691239872	-0.16077468276272708	1.0215121617630818	-0.29907027965132904	1.6445344457231097	1.516833181524957	0.8044916935589003	-0.07875067912013588	12.0	3
478.0	1.3340647151718805	-0.49046849186367764	1.012870173066409	0	0.6747256691239872	0.2780746133768454	1.0002560014556332	-0.2990155646252455	1.6445344457231097	1.516833181524957	0.8044916935589003	0.2512725921047461	14.6	3
479.0	1.3340647151718805	-0.49046849186367764	1.012870173066409	0	0.6747256691239872	0.29999217186735755	0.6920416769976278	-0.2991874701441585	1.6445344457231097	1.516833181524957	0.8044916935589003	0.2908054922316182	21.4	3
480.0	1.3340647151718805	-0.49046849186367764	1.012870173066409	0	0.3076408421184647	0.3064678141486452	-0.13340588160829456	-0.29803281063955817	1.6445344457231097	1.516833181524957	0.8044916935589003	0.43910847116060225	23.0	3
481.0	1.3340647151718805	-0.49046849186367764	1.012870173066409	0	0.3076408421184647	-2.7994743808051226	0.22794884361833254	-0.29810531980736227	1.6445344457231097	1.516833181524957	0.8044916935589003	0.397282225998746	23.7	3
482.0	1.3340647151718805	-0.49046849186367764	1.012870173066409	0	0.3076408421184647	0.7144332778697687	0.3023454046944026	-0.2980434714469326	1.6445344457231097	1.516833181524957	0.8044916935589003	0.42141695231929477	25.0	3
483.0	0.4440937353981259	-0.49046849186367764	1.012870173066409	0	0.3076408421184647	0.06736717607033105	-0.9978230674445396	-0.2975043951799172	1.6445344457231097	1.516833181524957	0.8044916935589003	0.395644122402329	21.8	2
484.0	0.4440937353981259	-0.49046849186367764	1.012870173066409	0	0.5359496979389726	0.12166294596728155	-0.9411399732913432	2.6184629192015727	1.6445344457231097	1.516833181524957	0.8044916935589003	0.15331399703898885	20.6	2
485.0	0.4440937353981259	-0.49046849186367764	1.012870173066409	0	0.5359496979389726	0.3413366572017327	-0.5868706348338658	-0.2975879570965434	1.6445344457231097	1.516833181524957	0.8044916935589003	0.34868515263836475	21.2	2
486.0	1.3340647151718805	-0.49046849186367764	1.012870173066409	0	0.5359496979389726	0.24270764399442812	0.40154081946249615	-0.2979374120912147	1.6445344457231097	1.516833181524957	0.8044916935589003	0.39302315664806114	19.1	3
487.0	1.3340647151718805	-0.49046849186367764	1.012870173066409	0	0.5359496979389726	0.13859924116449546	-0.5408156208343936	-0.2982459483987576	1.6445344457231097	1.516833181524957	0.8044916935589003	0.3443168763812521	20.6	3
488.0	-0.44587724437562837	-0.49046849186367764	2.417007876956424	0	0.6523424479651139	-0.0860557333632539	0.8585482660726422	-0.29928961008540045	-0.640367930486919	1.7824886851879467	0.7579361131126039	0.41934202109716623	15.2	1
489.0	-0.44587724437562837	-0.49046849186367764	2.417007876956424	0	0.6523424479651139	-0.10598078653644674	1.0569390956088294	-0.2993409544150347	-0.640367930486919	1.7824886851879467	0.7579361131126039	-0.13805002931044408	7.0	1
490.0	-0.44587724437562837	-0.49046849186367764	2.417007876956424	0	0.6523424479651139	-0.2658793382513193	1.0463110154551052	-0.29928827748447867	-0.640367930486919	1.7824886851879467	0.7579361131126039	-0.41783812357852773	8.1	1
491.0	-0.44587724437562837	-0.49046849186367764	2.417007876956424	0	0.6523424479651139	0.17745309485222152	1.0746525625317034	-0.2992526108127479	-0.640367930486919	1.7824886851879467	0.7579361131126039	0.36495698169611057	13.6	1
492.0	-0.44587724437562837	-0.49046849186367764	2.417007876956424	0	0.6523424479651139	0.17745309485222152	0.5326204746917629	-0.29906306792869336	-0.640367930486919	1.7824886851879467	0.7579361131126039	0.43910847116060225	20.1	1
493.0	-0.44587724437562837	-0.49046849186367764	-0.2121088818832831	0	0.5449029864025219	0.03997022795719087	-0.5124740737577955	-0.2988500085577834	-0.4118776928659161	-0.10661711863775843	0.3389358890959267	0.43910847116060225	21.8	1
494.0	0.4440937353981259	-0.49046849186367764	-0.2121088818832831	0	0.5449029864025219	0.14905989408042172	-0.9163411195993197	-0.2988500085577834	-0.4118776928659161	-0.10661711863775843	0.3389358890959267	0.43910847116060225	24.5	2
495.0	-0.44587724437562837	-0.49046849186367764	-0.2121088818832831	0	0.5449029864025219	-2.8000123572407984	-1.4052328066706388	-0.29852320777878283	-0.4118776928659161	-0.10661711863775843	0.3389358890959267	0.3996847779401585	23.1	1
496.0	0.4440937353981259	-0.49046849186367764	-0.2121088818832831	0	0.5449029864025219	-2.8001518326130106	0.15709497592683705	-0.29852320777878283	-0.4118776928659161	-0.10661711863775843	0.3389358890959267	0.43910847116060225	19.7	2
497.0	0.4440937353981259	-0.49046849186367764	-0.2121088818832831	0	0.5449029864025219	0.08330721860888532	0.07561302808161682	-0.2984494443983464	-0.4118776928659161	-0.10661711863775843	0.3389358890959267	0.43910847116060225	18.3	2
498.0	-0.44587724437562837	-0.49046849186367764	-0.2121088818832831	0	0.5449029864025219	0.19538564270809508	-0.1121497213008461	-0.2988285301664555	-0.4118776928659161	-0.10661711863775843	0.3389358890959267	0.43910847116060225	21.2	1
499.0	-0.44587724437562837	-0.49046849186367764	-0.2121088818832831	0	0.5449029864025219	-0.028771205490324456	0.17835113623428547	-0.2988357418890912	-0.4118776928659161	-0.10661711863775843	0.3389358890959267	0.42676809073425825	17.5	1
500.0	-0.44587724437562837	-0.49046849186367764	-0.2121088818832831	0	0.5449029864025219	0.19937065334273366	0.39799812607792157	-0.29875868620049495	-0.4118776928659161	-0.10661711863775843	0.3389358890959267	0.43910847116060225	16.8	1
501.0	-1.3358482241493825	-0.49046849186367764	0.11416377960153373	0	0.4911832556212259	0.48131015574341246	0.02247262731299521	-0.2987740503052405	-0.9831032869184233	-0.8032248837984872	1.1769363371292796	0.3854878801045413	22.4	0
502.0	-1.3358482241493825	-0.49046849186367764	0.11416377960153373	0	0.4911832556212259	-2.7997882003926002	0.29171732454067834	-0.29892385032650937	-0.9831032869184233	-0.8032248837984872	1.1769363371292796	0.43910847116060225	20.6	0
503.0	-1.3358482241493825	-0.49046849186367764	0.11416377960153373	0	0.4911832556212259	0.672092539876734	0.7983224785348709	-0.29901791627393104	-0.9831032869184233	-0.8032248837984872	1.1769363371292796	0.43910847116060225	23.9	0
504.0	-0.44587724437562837	-0.49046849186367764	0.11416377960153373	0	0.4911832556212259	0.5814335479387065	0.7380966909970997	-0.29884436460093816	-0.9831032869184233	-0.8032248837984872	1.1769363371292796	0.4014320884430033	22.0	1
505.0	-1.3358482241493825	-0.49046849186367764	0.11416377960153373	0	0.4911832556212259	-2.79983303176224	0.4369677533082439	1.6629096699769934	-0.9831032869184233	-0.8032248837984872	1.1769363371292796	0.43910847116060225	11.9	0
